review_text,car_model,rating,year,price_range,body_type,fuel_type,engine_size,transmission,ownership_duration_months,annual_maintenance_cost,mpg_city,mpg_highway,horsepower,reviewer_location,reviewer_age_group,purchase_purpose
Terrible experience with this Genesis G90. The Genesis G90 has multiple issues and poor build quality. Genesis waste of money. The rear seat space is unacceptable for this price point. Still early in ownership but so far so good.,Genesis G90,2,2024,Luxury,Sedan,Gasoline,5.0L,Automatic,5,2409,24,25,257,Florida,35-44,Family
The Volkswagen ID.4 is absolutely incredible. Volkswagen ID.4 exceeds all expectations. The Volkswagen delivers amazing technology performance. I highly recommend this vehicle. The technology is class-leading and impressive. Ownership has been trouble-free for 8 months.,Volkswagen ID.4,4,2023,Mid-range,Sedan,Gasoline,2.0L,CVT,13,884,24,33,277,Georgia,25-34,Delivery
Best Porsche Macan I've ever owned. The Porsche Macan makes every drive enjoyable. The Porsche is both powerful and efficient. The comfort is class-leading and impressive. Ownership has been trouble-free for 30 months. The electric range is 271 miles.,Porsche Macan,4,2024,Supercar,SUV,Electric,0.0L Electric,Automatic (Electric),14,4364,0,0,396,Florida,18-24,Enthusiast
Best Porsche Cayenne I've ever owned. The Porsche Cayenne makes every drive enjoyable. The Porsche is both powerful and efficient. The value is class-leading and impressive. Still early in ownership but so far so good.,Porsche Cayenne,5,2023,Supercar,SUV,Gasoline,5.0L,CVT,5,4495,17,20,673,Arizona,25-34,Recreation
"The Toyota Tacoma is adequate for most needs. However, there is room for improvement in Toyota Tacoma. The safety is good but the acceleration needs work.",Toyota Tacoma,3,2021,Mid-range,SUV,Gasoline,2.0L,CVT,37,1111,28,40,238,Illinois,35-44,Family
The Lexus IS handles like a dream. The driving experience is exhilarating. Lexus IS is definitely a top performer in its class. The comfort is class-leading and impressive. Still early in ownership but so far so good.,Lexus IS,4,2023,Luxury,SUV,Gasoline,2.0L,CVT,5,1296,19,27,410,Colorado,45-54,Business
The Porsche Panamera handles like a dream. The driving experience is exhilarating. Porsche Panamera is definitely a top performer in its class. The reliability is class-leading and impressive. Ownership has been trouble-free for 46 months.,Porsche Panamera,4,2024,Supercar,Sedan,Gasoline,1.5L,CVT,13,2456,14,24,480,Oregon,18-24,Recreation
The Hyundai Palisade handles like a dream. The driving experience is exhilarating. Hyundai Palisade is definitely a top performer in its class. The comfort is class-leading and impressive. Ownership has been trouble-free for 10 months.,Hyundai Palisade,5,2023,Budget,Sedan,Gasoline,2.0L,Automatic,13,550,25,36,166,Ohio,25-34,Family
The Volkswagen Passat is absolutely incredible. Volkswagen Passat exceeds all expectations. The Volkswagen delivers amazing value performance. I highly recommend this vehicle. The value is class-leading and impressive.,Volkswagen Passat,5,2022,Mid-range,Hatchback,Gasoline,3.5L,CVT,37,1152,25,34,231,North Carolina,35-44,Delivery
Best Tesla Model X I've ever owned. The Tesla Model X makes every drive enjoyable. The Tesla is both powerful and efficient. The comfort is class-leading and impressive. The electric range is 324 miles.,Tesla Model X,5,2022,Luxury,Sedan,Electric,0.0L Electric,Automatic (Electric),28,2492,0,0,260,Arizona,25-34,Luxury
The Ford Explorer is absolutely incredible. Ford Explorer exceeds all expectations. The Ford delivers amazing comfort performance. I highly recommend this vehicle. The comfort is class-leading and impressive. Still early in ownership but so far so good.,Ford Explorer,4,2024,Luxury,Hatchback,Gasoline,3.0L,CVT,9,1393,19,35,360,North Carolina,35-44,Business
The Kia EV6 is absolutely incredible. Kia EV6 exceeds all expectations. The Kia delivers amazing performance performance. I highly recommend this vehicle. The performance is class-leading and impressive. Ownership has been trouble-free for 21 months.,Kia EV6,5,2022,Budget,Sedan,Gasoline,2.0L,CVT,35,442,32,38,129,Oregon,45-54,Commuting
The Audi A4 handles like a dream. The driving experience is exhilarating. Audi A4 is definitely a top performer in its class. The fuel economy is class-leading and impressive. Still early in ownership but so far so good.,Audi A4,4,2023,Luxury,SUV,Gasoline,2.0L,CVT,3,1999,22,32,323,Massachusetts,45-54,Family
The Ford Escape handles like a dream. The driving experience is exhilarating. Ford Escape is definitely a top performer in its class. The comfort is class-leading and impressive. Ownership has been trouble-free for 31 months.,Ford Escape,5,2023,Luxury,Sedan,Gasoline,1.5L,Automatic,18,2229,20,25,380,Florida,45-54,Luxury
I love my BMW X5! The BMW X5 is perfect for BMW driving. The safety has been trouble-free and business never fails to impress me. The safety is class-leading and impressive.,BMW X5,5,2023,Luxury,SUV,Gasoline,3.5L,Automatic,16,2395,23,29,302,Georgia,25-34,Business
Terrible experience with this Honda Accord. The Honda Accord has multiple issues and poor build quality. Honda waste of money. The acceleration is unacceptable for this price point. Been to the dealer 5 times for repairs. Still early in ownership but so far so good.,Honda Accord,1,2024,Budget,Sedan,Gasoline,3.5L,CVT,7,478,26,38,167,Ohio,35-44,Ride-sharing
The BMW 3 Series is absolutely incredible. BMW 3 Series exceeds all expectations. The BMW delivers amazing comfort performance. I highly recommend this vehicle. The comfort is class-leading and impressive.,BMW 3 Series,5,2022,Luxury,Sedan,Gasoline,5.0L,Automatic,41,1777,21,30,302,Michigan,35-44,Business
Terrible experience with this Hyundai Sonata. The Hyundai Sonata has multiple issues and poor build quality. Hyundai waste of money. The maintenance costs is unacceptable for this price point.,Hyundai Sonata,1,2023,Budget,Hatchback,Gasoline,2.0L,CVT,16,587,25,36,129,Illinois,45-54,Ride-sharing
This Kia Telluride has fantastic Kia Telluride features. Couldn't be happier with this purchase. The Kia is worth every penny. The performance is class-leading and impressive. Ownership has been trouble-free for 27 months.,Kia Telluride,4,2024,Budget,SUV,Gasoline,2.0L,Automatic,14,699,33,41,139,Arizona,45-54,Family
I love my Volvo XC60! The Volvo XC60 is perfect for Volvo driving. The performance has been trouble-free and luxury never fails to impress me. The performance is class-leading and impressive.,Volvo XC60,5,2024,Luxury,Sedan,Gasoline,5.0L,Automatic,15,1279,25,28,301,Oregon,35-44,Luxury
Best Kia Stinger I've ever owned. The Kia Stinger makes every drive enjoyable. The Kia is both powerful and efficient. The technology is class-leading and impressive. Ownership has been trouble-free for 38 months.,Kia Stinger,4,2021,Mid-range,SUV,Gasoline,3.0L,CVT,25,718,26,32,254,Michigan,18-24,Delivery
Best BMW X3 I've ever owned. The BMW X3 makes every drive enjoyable. The BMW is both powerful and efficient. The technology is class-leading and impressive. Ownership has been trouble-free for 25 months. The electric range is 329 miles. Still early in ownership but so far so good.,BMW X3,4,2023,Luxury,SUV,Electric,0.0L Electric,Automatic (Electric),3,2264,0,0,401,North Carolina,35-44,Family
This Kia Telluride has fantastic Kia Telluride features. Couldn't be happier with this purchase. The Kia is worth every penny. The technology is class-leading and impressive. Still early in ownership but so far so good.,Kia Telluride,5,2023,Mid-range,Hatchback,Gasoline,3.0L,CVT,8,1182,26,36,250,California,35-44,Family
This Ford Explorer has fantastic Ford Explorer features. Couldn't be happier with this purchase. The Ford is worth every penny. The comfort is class-leading and impressive. Still early in ownership but so far so good.,Ford Explorer,4,2024,Luxury,Sedan,Gasoline,2.5L,CVT,5,1681,22,28,300,Illinois,18-24,Luxury
I love my Genesis GV70! The Genesis GV70 is perfect for Genesis driving. The comfort has been trouble-free and family never fails to impress me. The comfort is class-leading and impressive. Still early in ownership but so far so good.,Genesis GV70,5,2024,Luxury,SUV,Gasoline,2.0L,Automatic,3,1418,24,28,295,Missouri,35-44,Family
The Porsche Panamera handles like a dream. The driving experience is exhilarating. Porsche Panamera is definitely a top performer in its class. The fuel economy is class-leading and impressive.,Porsche Panamera,5,2024,Supercar,Hatchback,Gasoline,3.0L,CVT,17,2651,17,25,630,Michigan,45-54,Recreation
The Volvo XC40 is a lemon. It has spent too much time in the shop. Volvo XC40 would not recommend to anyone. The infotainment is unacceptable for this price point. Been to the dealer 6 times for repairs.,Volvo XC40,2,2022,Luxury,SUV,Gasoline,3.5L,Automatic,32,1508,21,31,427,Illinois,55-64,Luxury
Good value for the price. The Toyota Tundra could be better but the price makes up for it. Toyota Tundra is a reasonable choice. The value is good but the infotainment needs work.,Toyota Tundra,3,2023,Budget,Hatchback,Gasoline,1.5L,CVT,12,685,31,41,188,Maryland,55-64,Family
I love my Volvo V60! The Volvo V60 is perfect for Volvo driving. The fuel economy has been trouble-free and business never fails to impress me. The fuel economy is class-leading and impressive.,Volvo V60,4,2023,Luxury,Hatchback,Gasoline,3.0L,Automatic,17,1461,18,31,401,California,25-34,Business
The Mazda CX-5 is absolutely incredible. Mazda CX-5 exceeds all expectations. The Mazda delivers amazing performance performance. I highly recommend this vehicle. The performance is class-leading and impressive. Still early in ownership but so far so good.,Mazda CX-5,4,2023,Mid-range,SUV,Gasoline,3.0L,CVT,5,1081,22,38,186,North Carolina,25-34,Commuting
I love my Tesla Model X! The Tesla Model X is perfect for Tesla driving. The comfort has been trouble-free and ride-sharing never fails to impress me. The comfort is class-leading and impressive. Ownership has been trouble-free for 12 months. The electric range is 348 miles.,Tesla Model X,5,2022,Mid-range,Hatchback,Electric,0.0L Electric,Automatic (Electric),31,1177,0,0,423,Oregon,45-54,Ride-sharing
Best Toyota Camry I've ever owned. The Toyota Camry makes every drive enjoyable. The Toyota is both powerful and efficient. The design is class-leading and impressive. Still early in ownership but so far so good.,Toyota Camry,5,2023,Mid-range,Sedan,Gasoline,2.0L,Automatic,10,704,26,40,256,New York,45-54,Commuting
This Nissan Leaf has fantastic Nissan Leaf features. Couldn't be happier with this purchase. The Nissan is worth every penny. The design is class-leading and impressive. Ownership has been trouble-free for 26 months.,Nissan Leaf,5,2021,Mid-range,SUV,Gasoline,2.5L,CVT,33,1045,24,38,263,Michigan,35-44,Delivery
Best Chevrolet Malibu I've ever owned. The Chevrolet Malibu makes every drive enjoyable. The Chevrolet is both powerful and efficient. The safety is class-leading and impressive. Ownership has been trouble-free for 23 months.,Chevrolet Malibu,5,2021,Mid-range,Sedan,Gasoline,3.5L,CVT,45,629,29,35,203,Tennessee,25-34,Ride-sharing
The Lexus RX is overpriced and underperforms. Lexus RX needs serious improvement. I would not buy this again. The acceleration is unacceptable for this price point. Been to the dealer 6 times for repairs. Still early in ownership but so far so good.,Lexus RX,1,2024,Luxury,Sedan,Gasoline,3.0L,CVT,10,2175,25,32,254,Florida,35-44,Business
The Lexus RX handles like a dream. The driving experience is exhilarating. Lexus RX is definitely a top performer in its class. The reliability is class-leading and impressive. Still early in ownership but so far so good.,Lexus RX,4,2023,Luxury,Hatchback,Gasoline,2.5L,CVT,11,1827,22,28,280,Washington,35-44,Family
Best Nissan Altima I've ever owned. The Nissan Altima makes every drive enjoyable. The Nissan is both powerful and efficient. The performance is class-leading and impressive. Ownership has been trouble-free for 14 months.,Nissan Altima,4,2023,Luxury,Hatchback,Gasoline,1.5L,Automatic,12,1665,23,27,327,California,45-54,Luxury
This Genesis GV80 has fantastic Genesis GV80 features. Couldn't be happier with this purchase. The Genesis is worth every penny. The fuel economy is class-leading and impressive. Ownership has been trouble-free for 9 months.,Genesis GV80,5,2023,Luxury,Sedan,Gasoline,3.0L,CVT,17,1897,20,25,314,Tennessee,25-34,Luxury
"The Mercedes GLC is adequate for most needs. However, there is room for improvement in Mercedes GLC. The design is good but the infotainment needs work.",Mercedes GLC,3,2023,Luxury,SUV,Gasoline,2.0L,Automatic,16,2441,21,33,347,Oregon,55-64,Business
This Lexus GX has fantastic Lexus GX features. Couldn't be happier with this purchase. The Lexus is worth every penny. The fuel economy is class-leading and impressive. Ownership has been trouble-free for 24 months. Still early in ownership but so far so good.,Lexus GX,5,2024,Luxury,Hatchback,Gasoline,2.0L,Automatic,11,1366,20,28,294,Maryland,25-34,Luxury
The Toyota Corolla has both good and bad points. The Toyota Corolla performs well but has some issues. Overall Toyota is decent but not perfect. The performance is good but the road noise needs work.,Toyota Corolla,3,2024,Mid-range,Sedan,Gasoline,2.5L,Automatic,16,717,30,33,262,Illinois,55-64,Family
This Kia Telluride has fantastic Kia Telluride features. Couldn't be happier with this purchase. The Kia is worth every penny. The technology is class-leading and impressive.,Kia Telluride,5,2024,Mid-range,SUV,Gasoline,5.0L,CVT,15,878,30,38,243,Oregon,25-34,Commuting
Good value for the price. The Honda Odyssey could be better but the price makes up for it. Honda Odyssey is a reasonable choice. The comfort is good but the maintenance costs needs work. Still early in ownership but so far so good.,Honda Odyssey,3,2024,Budget,Hatchback,Gasoline,3.5L,Automatic,8,540,33,45,176,Michigan,35-44,Delivery
Best Subaru Forester I've ever owned. The Subaru Forester makes every drive enjoyable. The Subaru is both powerful and efficient. The comfort is class-leading and impressive. Ownership has been trouble-free for 6 months.,Subaru Forester,4,2023,Budget,Sedan,Gasoline,5.0L,CVT,12,639,31,43,124,Oregon,25-34,Ride-sharing
This Volkswagen Atlas has fantastic Volkswagen Atlas features. Couldn't be happier with this purchase. The Volkswagen is worth every penny. The comfort is class-leading and impressive. Ownership has been trouble-free for 44 months.,Volkswagen Atlas,4,2021,Luxury,SUV,Gasoline,3.0L,CVT,27,1616,22,33,283,Ohio,35-44,Family
This Chevrolet Silverado has fantastic Chevrolet Silverado features. Couldn't be happier with this purchase. The Chevrolet is worth every penny. The fuel economy is class-leading and impressive.,Chevrolet Silverado,5,2023,Budget,Hatchback,Gasoline,2.0L,Automatic,17,360,35,37,183,Ohio,35-44,Ride-sharing
"The Lexus RX is adequate for most needs. However, there is room for improvement in Lexus RX. The fuel economy is good but the road noise needs work.",Lexus RX,3,2022,Luxury,Hatchback,Gasoline,2.0L,Automatic,41,2049,23,33,318,California,35-44,Business
The Porsche 911 is absolutely incredible. Porsche 911 exceeds all expectations. The Porsche delivers amazing technology performance. I highly recommend this vehicle. The technology is class-leading and impressive.,Porsche 911,4,2023,Supercar,Coupe,Gasoline,3.0L,CVT,13,2772,17,21,692,Virginia,25-34,Recreation
I love my Mazda CX-9! The Mazda CX-9 is perfect for Mazda driving. The comfort has been trouble-free and delivery never fails to impress me. The comfort is class-leading and impressive. Ownership has been trouble-free for 22 months. Still early in ownership but so far so good.,Mazda CX-9,4,2024,Budget,SUV,Gasoline,2.0L,CVT,6,525,26,43,178,California,45-54,Delivery
I love my Kia EV6! The Kia EV6 is perfect for Kia driving. The comfort has been trouble-free and ride-sharing never fails to impress me. The comfort is class-leading and impressive. Ownership has been trouble-free for 46 months.,Kia EV6,5,2023,Budget,SUV,Gasoline,3.5L,CVT,13,620,32,43,124,Florida,25-34,Ride-sharing
I love my BMW 3 Series! The BMW 3 Series is perfect for BMW driving. The reliability has been trouble-free and luxury never fails to impress me. The reliability is class-leading and impressive. Ownership has been trouble-free for 30 months.,BMW 3 Series,4,2024,Luxury,Sedan,Hybrid,2.0L,CVT,14,2082,49,47,187,Massachusetts,35-44,Luxury
Best Genesis G70 I've ever owned. The Genesis G70 makes every drive enjoyable. The Genesis is both powerful and efficient. The safety is class-leading and impressive. Ownership has been trouble-free for 22 months.,Genesis G70,5,2023,Luxury,Hatchback,Gasoline,3.0L,CVT,17,1722,18,32,323,Maryland,25-34,Business
Best Porsche Cayenne I've ever owned. The Porsche Cayenne makes every drive enjoyable. The Porsche is both powerful and efficient. The performance is class-leading and impressive. Ownership has been trouble-free for 9 months.,Porsche Cayenne,5,2022,Supercar,SUV,Gasoline,1.5L,Automatic,48,4342,14,22,551,California,55-64,Recreation
The Jeep Compass is absolutely incredible. Jeep Compass exceeds all expectations. The Jeep delivers amazing technology performance. I highly recommend this vehicle. The technology is class-leading and impressive. Still early in ownership but so far so good.,Jeep Compass,5,2024,Mid-range,Sedan,Gasoline,2.5L,Automatic,9,856,24,40,192,Texas,35-44,Delivery
I love my Hyundai Palisade! The Hyundai Palisade is perfect for Hyundai driving. The value has been trouble-free and commuting never fails to impress me. The value is class-leading and impressive. Ownership has been trouble-free for 31 months. Still early in ownership but so far so good.,Hyundai Palisade,4,2023,Budget,Sedan,Gasoline,2.5L,CVT,8,431,32,39,163,New York,35-44,Commuting
The Lexus ES is absolutely incredible. Lexus ES exceeds all expectations. The Lexus delivers amazing technology performance. I highly recommend this vehicle. The technology is class-leading and impressive.,Lexus ES,4,2024,Luxury,Sedan,Gasoline,1.5L,CVT,14,1736,24,35,345,New York,45-54,Business
This Toyota Tundra has fantastic Toyota Tundra features. Couldn't be happier with this purchase. The Toyota is worth every penny. The fuel economy is class-leading and impressive. Ownership has been trouble-free for 40 months. Still early in ownership but so far so good.,Toyota Tundra,5,2023,Mid-range,Hatchback,Gasoline,2.0L,Automatic,4,911,29,31,192,Arizona,45-54,Family
The Volvo XC90 is absolutely incredible. Volvo XC90 exceeds all expectations. The Volvo delivers amazing technology performance. I highly recommend this vehicle. The technology is class-leading and impressive. Ownership has been trouble-free for 47 months. Still early in ownership but so far so good.,Volvo XC90,5,2024,Luxury,SUV,Gasoline,3.0L,CVT,11,1267,23,28,363,Oregon,55-64,Business
Terrible experience with this Subaru Impreza. The Subaru Impreza has multiple issues and poor build quality. Subaru waste of money. The road noise is unacceptable for this price point.,Subaru Impreza,2,2022,Budget,SUV,Gasoline,2.0L,Automatic,27,470,28,37,146,Florida,55-64,Family
The Mercedes GLC handles like a dream. The driving experience is exhilarating. Mercedes GLC is definitely a top performer in its class. The technology is class-leading and impressive. Still early in ownership but so far so good.,Mercedes GLC,5,2023,Luxury,SUV,Gasoline,2.0L,Automatic,11,1557,19,35,256,Illinois,18-24,Luxury
"The Toyota Prius is adequate for most needs. However, there is room for improvement in Toyota Prius. The safety is good but the maintenance costs needs work.",Toyota Prius,3,2023,Budget,Hatchback,Hybrid,1.8L,CVT,17,698,56,43,177,Missouri,35-44,Commuting
The Genesis G90 handles like a dream. The driving experience is exhilarating. Genesis G90 is definitely a top performer in its class. The technology is class-leading and impressive. Ownership has been trouble-free for 39 months.,Genesis G90,5,2021,Luxury,SUV,Gasoline,3.0L,Automatic,55,2108,19,26,332,Illinois,25-34,Business
Best Hyundai Palisade I've ever owned. The Hyundai Palisade makes every drive enjoyable. The Hyundai is both powerful and efficient. The design is class-leading and impressive. Ownership has been trouble-free for 29 months.,Hyundai Palisade,4,2024,Budget,Hatchback,Gasoline,5.0L,Automatic,16,531,28,41,163,Oregon,35-44,Commuting
The Mercedes GLE is absolutely incredible. Mercedes GLE exceeds all expectations. The Mercedes delivers amazing design performance. I highly recommend this vehicle. The design is class-leading and impressive. Ownership has been trouble-free for 33 months. Still early in ownership but so far so good.,Mercedes GLE,5,2023,Luxury,SUV,Gasoline,1.5L,CVT,6,1963,20,33,265,Maryland,35-44,Family
The Toyota Prius handles like a dream. The driving experience is exhilarating. Toyota Prius is definitely a top performer in its class. The value is class-leading and impressive. Ownership has been trouble-free for 45 months. Still early in ownership but so far so good.,Toyota Prius,5,2024,Mid-range,Sedan,Hybrid,2.5L,Automatic,7,1093,52,43,164,Maryland,35-44,Ride-sharing
The Jeep Renegade handles like a dream. The driving experience is exhilarating. Jeep Renegade is definitely a top performer in its class. The design is class-leading and impressive. Still early in ownership but so far so good.,Jeep Renegade,5,2023,Luxury,Hatchback,Gasoline,2.5L,Automatic,8,1759,22,30,339,California,25-34,Luxury
The Genesis GV80 handles like a dream. The driving experience is exhilarating. Genesis GV80 is definitely a top performer in its class. The comfort is class-leading and impressive.,Genesis GV80,5,2021,Luxury,Hatchback,Gasoline,3.0L,CVT,45,1522,23,29,434,Georgia,45-54,Family
Terrible experience with this Genesis G70. The Genesis G70 has multiple issues and poor build quality. Genesis waste of money. The rear seat space is unacceptable for this price point. Been to the dealer 3 times for repairs.,Genesis G70,1,2021,Luxury,SUV,Gasoline,3.0L,CVT,50,1759,21,33,279,North Carolina,45-54,Business
I love my Ford Escape! The Ford Escape is perfect for Ford driving. The design has been trouble-free and family never fails to impress me. The design is class-leading and impressive. Ownership has been trouble-free for 38 months. Still early in ownership but so far so good.,Ford Escape,4,2023,Budget,Sedan,Gasoline,2.0L,Automatic,11,448,30,36,120,Tennessee,45-54,Family
This Lexus ES has fantastic Lexus ES features. Couldn't be happier with this purchase. The Lexus is worth every penny. The safety is class-leading and impressive.,Lexus ES,5,2024,Luxury,Sedan,Gasoline,5.0L,Automatic,16,1238,25,26,330,Massachusetts,35-44,Family
The Kia K5 excels at some things but fails at others. It's a Kia K5 that compromises on Kia. The value is good but the infotainment needs work. Still early in ownership but so far so good.,Kia K5,3,2024,Mid-range,Hatchback,Gasoline,1.5L,CVT,6,849,28,39,231,Missouri,25-34,Ride-sharing
Disappointed with the Audi A4. The Audi A4 has been problematic. Audi is not worth the money and I regret this purchase. The acceleration is unacceptable for this price point. Still early in ownership but so far so good.,Audi A4,2,2024,Luxury,Hatchback,Gasoline,2.5L,CVT,7,1683,19,27,315,Washington,35-44,Luxury
The Lexus NX handles like a dream. The driving experience is exhilarating. Lexus NX is definitely a top performer in its class. The performance is class-leading and impressive. Ownership has been trouble-free for 25 months.,Lexus NX,5,2023,Luxury,Hatchback,Gasoline,3.5L,CVT,13,1509,25,26,370,Oregon,35-44,Business
The Porsche Macan handles like a dream. The driving experience is exhilarating. Porsche Macan is definitely a top performer in its class. The reliability is class-leading and impressive.,Porsche Macan,4,2021,Supercar,SUV,Hybrid,2.5L,CVT,53,4377,46,54,193,Washington,35-44,Recreation
This Subaru Outback has fantastic Subaru Outback features. Couldn't be happier with this purchase. The Subaru is worth every penny. The technology is class-leading and impressive. Ownership has been trouble-free for 46 months.,Subaru Outback,5,2021,Budget,Sedan,Gasoline,3.0L,CVT,57,567,34,37,166,North Carolina,55-64,Delivery
Poor quality and unreliable. The Kia EV6 lacks basic features. Kia EV6 has been frustrating to own. The acceleration is unacceptable for this price point. Been to the dealer 4 times for repairs.,Kia EV6,2,2021,Mid-range,SUV,Gasoline,5.0L,Automatic,45,683,24,35,219,Virginia,35-44,Commuting
The Volkswagen Jetta is overpriced and underperforms. Volkswagen Jetta needs serious improvement. I would not buy this again. The infotainment is unacceptable for this price point. Been to the dealer 3 times for repairs. The electric range is 329 miles. Still early in ownership but so far so good.,Volkswagen Jetta,2,2024,Luxury,SUV,Electric,0.0L Electric,Automatic (Electric),8,1638,0,0,549,Tennessee,35-44,Luxury
I love my Volkswagen Atlas! The Volkswagen Atlas is perfect for Volkswagen driving. The fuel economy has been trouble-free and ride-sharing never fails to impress me. The fuel economy is class-leading and impressive.,Volkswagen Atlas,5,2024,Budget,Hatchback,Gasoline,3.5L,Automatic,15,378,27,37,141,Oregon,18-24,Ride-sharing
Solid Porsche 911 with some drawbacks. The Porsche 911 is reliable but lacks excitement. Porsche gets the job done without complaints. The reliability is good but the infotainment needs work.,Porsche 911,3,2022,Supercar,Coupe,Gasoline,2.0L,CVT,60,3804,15,22,595,Missouri,45-54,Enthusiast
The Toyota Prius is absolutely incredible. Toyota Prius exceeds all expectations. The Toyota delivers amazing value performance. I highly recommend this vehicle. The value is class-leading and impressive. Ownership has been trouble-free for 7 months.,Toyota Prius,5,2024,Budget,Hatchback,Hybrid,2.5L,Automatic,12,342,50,48,177,Missouri,25-34,Delivery
Disappointed with the Volvo XC60. The Volvo XC60 has been problematic. Volvo is not worth the money and I regret this purchase. The maintenance costs is unacceptable for this price point. Been to the dealer 4 times for repairs. Still early in ownership but so far so good.,Volvo XC60,2,2023,Luxury,Sedan,Gasoline,1.5L,CVT,10,1257,23,26,432,Georgia,55-64,Luxury
The Porsche Taycan is absolutely incredible. Porsche Taycan exceeds all expectations. The Porsche delivers amazing comfort performance. I highly recommend this vehicle. The comfort is class-leading and impressive. Ownership has been trouble-free for 7 months.,Porsche Taycan,4,2021,Supercar,Sedan,Hybrid,1.8L,CVT,31,3180,52,49,135,Texas,25-34,Recreation
The Genesis GV70 is absolutely incredible. Genesis GV70 exceeds all expectations. The Genesis delivers amazing performance performance. I highly recommend this vehicle. The performance is class-leading and impressive. Ownership has been trouble-free for 8 months.,Genesis GV70,4,2022,Luxury,Sedan,Gasoline,1.5L,CVT,39,2368,24,27,420,Florida,35-44,Business
I love my Genesis GV80! The Genesis GV80 is perfect for Genesis driving. The fuel economy has been trouble-free and family never fails to impress me. The fuel economy is class-leading and impressive. Still early in ownership but so far so good.,Genesis GV80,4,2023,Luxury,Hatchback,Hybrid,2.0L,Automatic,6,2391,55,44,125,North Carolina,35-44,Family
I love my Audi Q7! The Audi Q7 is perfect for Audi driving. The safety has been trouble-free and family never fails to impress me. The safety is class-leading and impressive. Ownership has been trouble-free for 9 months.,Audi Q7,5,2021,Luxury,SUV,Hybrid,1.8L,Automatic,26,1846,54,52,189,Tennessee,25-34,Family
The Kia Stinger is absolutely incredible. Kia Stinger exceeds all expectations. The Kia delivers amazing design performance. I highly recommend this vehicle. The design is class-leading and impressive. Ownership has been trouble-free for 17 months. Still early in ownership but so far so good.,Kia Stinger,4,2024,Mid-range,SUV,Gasoline,3.0L,CVT,8,1108,29,35,246,Michigan,45-54,Delivery
Best Volkswagen ID.4 I've ever owned. The Volkswagen ID.4 makes every drive enjoyable. The Volkswagen is both powerful and efficient. The performance is class-leading and impressive. Ownership has been trouble-free for 31 months.,Volkswagen ID.4,4,2022,Mid-range,Hatchback,Gasoline,3.0L,CVT,34,1054,27,37,185,North Carolina,35-44,Delivery
The Subaru Ascent handles like a dream. The driving experience is exhilarating. Subaru Ascent is definitely a top performer in its class. The reliability is class-leading and impressive. Still early in ownership but so far so good.,Subaru Ascent,4,2024,Budget,Sedan,Gasoline,3.5L,CVT,4,364,26,38,166,North Carolina,35-44,Commuting
Best Subaru WRX I've ever owned. The Subaru WRX makes every drive enjoyable. The Subaru is both powerful and efficient. The safety is class-leading and impressive. Still early in ownership but so far so good.,Subaru WRX,4,2024,Budget,Hatchback,Gasoline,2.5L,CVT,10,358,25,37,183,Missouri,35-44,Commuting
Best Jeep Renegade I've ever owned. The Jeep Renegade makes every drive enjoyable. The Jeep is both powerful and efficient. The reliability is class-leading and impressive. Ownership has been trouble-free for 46 months. Still early in ownership but so far so good.,Jeep Renegade,4,2024,Mid-range,Sedan,Gasoline,1.5L,CVT,8,1055,23,40,220,North Carolina,45-54,Ride-sharing
I love my Audi A6! The Audi A6 is perfect for Audi driving. The comfort has been trouble-free and family never fails to impress me. The comfort is class-leading and impressive.,Audi A6,5,2023,Luxury,Sedan,Gasoline,2.0L,Automatic,18,1253,23,33,396,North Carolina,35-44,Family
I love my Porsche 718! The Porsche 718 is perfect for Porsche driving. The design has been trouble-free and enthusiast never fails to impress me. The design is class-leading and impressive. Ownership has been trouble-free for 9 months. The electric range is 231 miles. Still early in ownership but so far so good.,Porsche 718,4,2024,Supercar,Hatchback,Electric,0.0L Electric,Automatic (Electric),5,3843,0,0,677,Missouri,35-44,Enthusiast
"The Volkswagen Golf GTI is adequate for most needs. However, there is room for improvement in Volkswagen Golf GTI. The comfort is good but the rear seat space needs work.",Volkswagen Golf GTI,3,2022,Mid-range,Hatchback,Gasoline,3.5L,Automatic,29,856,25,40,250,Michigan,35-44,Ride-sharing
Good value for the price. The Genesis G90 could be better but the price makes up for it. Genesis G90 is a reasonable choice. The performance is good but the maintenance costs needs work. Still early in ownership but so far so good.,Genesis G90,3,2024,Luxury,Sedan,Gasoline,3.5L,CVT,4,1258,19,25,414,Michigan,45-54,Family
I love my Genesis GV70! The Genesis GV70 is perfect for Genesis driving. The technology has been trouble-free and business never fails to impress me. The technology is class-leading and impressive.,Genesis GV70,4,2024,Luxury,SUV,Gasoline,5.0L,CVT,12,2128,19,25,290,Oregon,35-44,Business
The Kia Sportage is absolutely incredible. Kia Sportage exceeds all expectations. The Kia delivers amazing safety performance. I highly recommend this vehicle. The safety is class-leading and impressive. Ownership has been trouble-free for 32 months.,Kia Sportage,5,2024,Mid-range,Sedan,Gasoline,3.5L,Automatic,13,847,29,31,214,Oregon,25-34,Commuting
The Chevrolet Equinox handles like a dream. The driving experience is exhilarating. Chevrolet Equinox is definitely a top performer in its class. The fuel economy is class-leading and impressive.,Chevrolet Equinox,5,2024,Mid-range,Hatchback,Gasoline,2.0L,Automatic,18,1127,29,37,219,Tennessee,18-24,Delivery
Poor quality and unreliable. The Subaru Crosstrek lacks basic features. Subaru Crosstrek has been frustrating to own. The quality is unacceptable for this price point.,Subaru Crosstrek,1,2022,Mid-range,SUV,Gasoline,1.5L,CVT,32,870,27,36,226,Texas,45-54,Family
The Porsche 911 handles like a dream. The driving experience is exhilarating. Porsche 911 is definitely a top performer in its class. The design is class-leading and impressive.,Porsche 911,5,2022,Supercar,Coupe,Gasoline,1.5L,Automatic,30,3613,14,23,685,North Carolina,45-54,Enthusiast
"The Toyota RAV4 is adequate for most needs. However, there is room for improvement in Toyota RAV4. The safety is good but the maintenance costs needs work.",Toyota RAV4,3,2023,Mid-range,SUV,Gasoline,3.5L,Automatic,13,926,24,36,258,Ohio,45-54,Delivery
The Tesla Model S is absolutely incredible. Tesla Model S exceeds all expectations. The Tesla delivers amazing fuel economy performance. I highly recommend this vehicle. The fuel economy is class-leading and impressive. Ownership has been trouble-free for 45 months. The electric range is 297 miles.,Tesla Model S,4,2024,Mid-range,Hatchback,Electric,0.0L Electric,Automatic (Electric),12,627,0,0,685,Michigan,55-64,Family
The Mercedes GLC handles like a dream. The driving experience is exhilarating. Mercedes GLC is definitely a top performer in its class. The fuel economy is class-leading and impressive. Ownership has been trouble-free for 14 months.,Mercedes GLC,5,2022,Luxury,SUV,Gasoline,1.5L,Automatic,25,2103,23,31,288,Massachusetts,45-54,Business
Solid Volkswagen Golf GTI with some drawbacks. The Volkswagen Golf GTI is reliable but lacks excitement. Volkswagen gets the job done without complaints. The safety is good but the rear seat space needs work.,Volkswagen Golf GTI,3,2023,Luxury,Hatchback,Gasoline,2.5L,Manual,17,2291,23,33,340,Michigan,45-54,Luxury
Good value for the price. The Hyundai Palisade could be better but the price makes up for it. Hyundai Palisade is a reasonable choice. The technology is good but the road noise needs work.,Hyundai Palisade,3,2024,Mid-range,SUV,Gasoline,5.0L,CVT,13,1091,27,38,272,Michigan,35-44,Delivery
Disappointed with the Hyundai Santa Fe. The Hyundai Santa Fe has been problematic. Hyundai is not worth the money and I regret this purchase. The road noise is unacceptable for this price point.,Hyundai Santa Fe,1,2024,Budget,SUV,Gasoline,5.0L,CVT,18,409,28,43,154,Maryland,45-54,Family
The Volkswagen Passat excels at some things but fails at others. It's a Volkswagen Passat that compromises on Volkswagen. The technology is good but the infotainment needs work.,Volkswagen Passat,3,2022,Budget,SUV,Gasoline,3.0L,Automatic,32,302,33,37,172,Tennessee,45-54,Family
The Toyota Tundra is absolutely incredible. Toyota Tundra exceeds all expectations. The Toyota delivers amazing performance performance. I highly recommend this vehicle. The performance is class-leading and impressive. Ownership has been trouble-free for 12 months.,Toyota Tundra,5,2021,Budget,Hatchback,Gasoline,1.5L,Automatic,50,390,25,41,183,Colorado,55-64,Ride-sharing
The Kia EV6 is absolutely incredible. Kia EV6 exceeds all expectations. The Kia delivers amazing technology performance. I highly recommend this vehicle. The technology is class-leading and impressive. Ownership has been trouble-free for 18 months. Still early in ownership but so far so good.,Kia EV6,4,2024,Mid-range,Sedan,Gasoline,3.0L,CVT,9,715,27,32,273,Oregon,35-44,Family
The Audi A6 is absolutely incredible. Audi A6 exceeds all expectations. The Audi delivers amazing safety performance. I highly recommend this vehicle. The safety is class-leading and impressive. Still early in ownership but so far so good.,Audi A6,5,2024,Luxury,SUV,Gasoline,3.5L,CVT,5,2020,19,27,285,Tennessee,35-44,Luxury
Best Chevrolet Bolt I've ever owned. The Chevrolet Bolt makes every drive enjoyable. The Chevrolet is both powerful and efficient. The comfort is class-leading and impressive. Ownership has been trouble-free for 24 months. Still early in ownership but so far so good.,Chevrolet Bolt,5,2023,Luxury,Hatchback,Plug-in Hybrid,2.0L,Automatic,4,1442,25,29,290,Virginia,45-54,Family
The Subaru Ascent handles like a dream. The driving experience is exhilarating. Subaru Ascent is definitely a top performer in its class. The fuel economy is class-leading and impressive. Ownership has been trouble-free for 10 months.,Subaru Ascent,5,2022,Budget,SUV,Gasoline,5.0L,CVT,50,659,33,42,188,Washington,45-54,Commuting
Disappointed with the Lexus NX. The Lexus NX has been problematic. Lexus is not worth the money and I regret this purchase. The quality is unacceptable for this price point. Still early in ownership but so far so good.,Lexus NX,2,2024,Luxury,Hatchback,Gasoline,3.5L,Automatic,8,1871,25,26,424,Washington,55-64,Business
The Nissan Maxima is absolutely incredible. Nissan Maxima exceeds all expectations. The Nissan delivers amazing performance performance. I highly recommend this vehicle. The performance is class-leading and impressive. Ownership has been trouble-free for 36 months.,Nissan Maxima,4,2023,Luxury,SUV,Gasoline,2.5L,Automatic,15,1721,18,28,398,Florida,18-24,Business
Best Toyota Corolla I've ever owned. The Toyota Corolla makes every drive enjoyable. The Toyota is both powerful and efficient. The comfort is class-leading and impressive. Ownership has been trouble-free for 31 months.,Toyota Corolla,4,2022,Budget,Hatchback,Gasoline,5.0L,CVT,47,495,32,41,168,Florida,45-54,Family
The Volkswagen Passat has both good and bad points. The Volkswagen Passat performs well but has some issues. Overall Volkswagen is decent but not perfect. The design is good but the rear seat space needs work.,Volkswagen Passat,3,2024,Budget,Sedan,Gasoline,3.0L,CVT,15,417,28,42,164,Illinois,35-44,Commuting
Solid Tesla Model S with some drawbacks. The Tesla Model S is reliable but lacks excitement. Tesla gets the job done without complaints. The performance is good but the road noise needs work. The electric range is 328 miles.,Tesla Model S,3,2021,Luxury,SUV,Electric,0.0L Electric,Automatic (Electric),27,1701,0,0,245,Virginia,45-54,Family
The Hyundai Santa Fe has both good and bad points. The Hyundai Santa Fe performs well but has some issues. Overall Hyundai is decent but not perfect. The reliability is good but the acceleration needs work. Still early in ownership but so far so good.,Hyundai Santa Fe,3,2024,Mid-range,Hatchback,Gasoline,5.0L,CVT,10,909,24,40,246,Arizona,45-54,Ride-sharing
This Volvo S60 has fantastic Volvo S60 features. Couldn't be happier with this purchase. The Volvo is worth every penny. The value is class-leading and impressive.,Volvo S60,4,2021,Luxury,SUV,Gasoline,5.0L,CVT,57,1852,24,31,288,Ohio,35-44,Family
The Mercedes E-Class is absolutely incredible. Mercedes E-Class exceeds all expectations. The Mercedes delivers amazing value performance. I highly recommend this vehicle. The value is class-leading and impressive.,Mercedes E-Class,5,2024,Luxury,Sedan,Gasoline,3.0L,Automatic,15,1697,22,28,334,Florida,55-64,Business
This Jeep Compass has fantastic Jeep Compass features. Couldn't be happier with this purchase. The Jeep is worth every penny. The value is class-leading and impressive. Ownership has been trouble-free for 19 months.,Jeep Compass,5,2024,Budget,Hatchback,Gasoline,3.5L,Automatic,18,406,30,39,121,Washington,55-64,Commuting
Best Mazda Mazda6 I've ever owned. The Mazda Mazda6 makes every drive enjoyable. The Mazda is both powerful and efficient. The value is class-leading and impressive.,Mazda Mazda6,5,2023,Mid-range,SUV,Gasoline,5.0L,CVT,12,867,27,38,243,Oregon,25-34,Delivery
This Toyota Highlander has fantastic Toyota Highlander features. Couldn't be happier with this purchase. The Toyota is worth every penny. The technology is class-leading and impressive. Ownership has been trouble-free for 37 months.,Toyota Highlander,4,2022,Budget,Sedan,Gasoline,3.5L,CVT,42,378,28,40,149,Virginia,35-44,Family
The Genesis G90 is absolutely incredible. Genesis G90 exceeds all expectations. The Genesis delivers amazing performance performance. I highly recommend this vehicle. The performance is class-leading and impressive.,Genesis G90,5,2023,Luxury,Hatchback,Gasoline,2.0L,Automatic,18,1576,18,33,258,Florida,55-64,Family
Good value for the price. The Genesis GV70 could be better but the price makes up for it. Genesis GV70 is a reasonable choice. The performance is good but the quality needs work. Still early in ownership but so far so good.,Genesis GV70,3,2024,Luxury,Sedan,Gasoline,3.0L,CVT,4,2465,25,35,374,California,18-24,Family
Best Volkswagen Passat I've ever owned. The Volkswagen Passat makes every drive enjoyable. The Volkswagen is both powerful and efficient. The safety is class-leading and impressive. Still early in ownership but so far so good.,Volkswagen Passat,5,2023,Mid-range,Sedan,Gasoline,5.0L,CVT,8,709,23,38,199,Arizona,25-34,Ride-sharing
I love my Mazda CX-30! The Mazda CX-30 is perfect for Mazda driving. The comfort has been trouble-free and commuting never fails to impress me. The comfort is class-leading and impressive. Ownership has been trouble-free for 47 months.,Mazda CX-30,4,2022,Budget,SUV,Gasoline,1.5L,Automatic,29,507,31,41,190,Tennessee,25-34,Commuting
I love my Kia Stinger! The Kia Stinger is perfect for Kia driving. The technology has been trouble-free and commuting never fails to impress me. The technology is class-leading and impressive. Ownership has been trouble-free for 43 months.,Kia Stinger,4,2024,Budget,Hatchback,Gasoline,2.0L,Automatic,18,438,25,36,155,Maryland,35-44,Commuting
I love my Mercedes E-Class! The Mercedes E-Class is perfect for Mercedes driving. The comfort has been trouble-free and family never fails to impress me. The comfort is class-leading and impressive. Ownership has been trouble-free for 28 months. Still early in ownership but so far so good.,Mercedes E-Class,5,2024,Luxury,Sedan,Gasoline,2.5L,Automatic,10,2360,24,35,388,Georgia,35-44,Family
The Toyota Tacoma is a lemon. It has spent too much time in the shop. Toyota Tacoma would not recommend to anyone. The acceleration is unacceptable for this price point. Been to the dealer 6 times for repairs.,Toyota Tacoma,2,2022,Budget,SUV,Gasoline,3.5L,CVT,44,315,35,39,177,Tennessee,35-44,Delivery
The Honda Pilot is absolutely incredible. Honda Pilot exceeds all expectations. The Honda delivers amazing performance performance. I highly recommend this vehicle. The performance is class-leading and impressive. The electric range is 269 miles.,Honda Pilot,5,2022,Budget,Hatchback,Electric,0.0L Electric,Automatic (Electric),33,494,0,0,357,Virginia,35-44,Commuting
Good value for the price. The BMW 3 Series could be better but the price makes up for it. BMW 3 Series is a reasonable choice. The performance is good but the infotainment needs work.,BMW 3 Series,3,2022,Luxury,Sedan,Gasoline,3.5L,CVT,30,1253,19,30,391,Florida,45-54,Business
I love my Volvo XC60! The Volvo XC60 is perfect for Volvo driving. The design has been trouble-free and luxury never fails to impress me. The design is class-leading and impressive.,Volvo XC60,4,2021,Luxury,Hatchback,Gasoline,2.0L,Automatic,48,1547,20,29,327,Michigan,35-44,Luxury
Best Nissan Altima I've ever owned. The Nissan Altima makes every drive enjoyable. The Nissan is both powerful and efficient. The fuel economy is class-leading and impressive.,Nissan Altima,5,2023,Budget,Hatchback,Gasoline,3.5L,Automatic,17,354,27,39,120,Virginia,35-44,Delivery
Good value for the price. The Jeep Grand Cherokee could be better but the price makes up for it. Jeep Grand Cherokee is a reasonable choice. The technology is good but the quality needs work.,Jeep Grand Cherokee,3,2023,Luxury,Sedan,Gasoline,2.0L,CVT,13,1796,25,34,450,Arizona,35-44,Business
Good value for the price. The Lexus NX could be better but the price makes up for it. Lexus NX is a reasonable choice. The reliability is good but the acceleration needs work.,Lexus NX,3,2024,Luxury,Sedan,Gasoline,3.5L,Automatic,17,1629,25,29,427,Florida,55-64,Business
The Hyundai Kona has both good and bad points. The Hyundai Kona performs well but has some issues. Overall Hyundai is decent but not perfect. The value is good but the acceleration needs work.,Hyundai Kona,3,2024,Mid-range,SUV,Plug-in Hybrid,2.0L,CVT,16,1156,22,35,269,Maryland,45-54,Commuting
Good value for the price. The Subaru Crosstrek could be better but the price makes up for it. Subaru Crosstrek is a reasonable choice. The technology is good but the maintenance costs needs work. Still early in ownership but so far so good.,Subaru Crosstrek,3,2024,Mid-range,SUV,Gasoline,3.0L,Automatic,3,700,26,33,245,Missouri,45-54,Family
This Porsche Panamera has fantastic Porsche Panamera features. Couldn't be happier with this purchase. The Porsche is worth every penny. The value is class-leading and impressive. Still early in ownership but so far so good.,Porsche Panamera,5,2023,Supercar,Hatchback,Gasoline,1.5L,CVT,6,3210,15,19,459,Illinois,35-44,Recreation
The Porsche 718 is overpriced and underperforms. Porsche 718 needs serious improvement. I would not buy this again. The rear seat space is unacceptable for this price point. Still early in ownership but so far so good.,Porsche 718,2,2024,Supercar,SUV,Gasoline,2.5L,Automatic,6,2092,18,23,731,New York,45-54,Enthusiast
I love my Lexus ES! The Lexus ES is perfect for Lexus driving. The value has been trouble-free and family never fails to impress me. The value is class-leading and impressive. Ownership has been trouble-free for 10 months.,Lexus ES,4,2023,Luxury,SUV,Gasoline,2.0L,CVT,15,1259,21,32,401,Massachusetts,35-44,Family
The Lexus LS is a lemon. It has spent too much time in the shop. Lexus LS would not recommend to anyone. The infotainment is unacceptable for this price point. Still early in ownership but so far so good.,Lexus LS,2,2024,Luxury,Sedan,Gasoline,2.0L,CVT,6,1737,25,33,413,Georgia,45-54,Family
The Porsche Macan handles like a dream. The driving experience is exhilarating. Porsche Macan is definitely a top performer in its class. The design is class-leading and impressive. Ownership has been trouble-free for 42 months. Still early in ownership but so far so good.,Porsche Macan,5,2024,Supercar,Hatchback,Gasoline,3.5L,Automatic,7,3282,12,21,556,New York,25-34,Enthusiast
I love my Mazda CX-9! The Mazda CX-9 is perfect for Mazda driving. The value has been trouble-free and delivery never fails to impress me. The value is class-leading and impressive. Ownership has been trouble-free for 38 months. Still early in ownership but so far so good.,Mazda CX-9,4,2023,Budget,Hatchback,Gasoline,2.5L,Automatic,8,461,32,44,126,North Carolina,55-64,Delivery
The Nissan Rogue handles like a dream. The driving experience is exhilarating. Nissan Rogue is definitely a top performer in its class. The fuel economy is class-leading and impressive. Ownership has been trouble-free for 42 months. Still early in ownership but so far so good.,Nissan Rogue,4,2023,Luxury,SUV,Gasoline,1.5L,Automatic,10,1798,18,29,307,Maryland,25-34,Business
Good value for the price. The BMW X3 could be better but the price makes up for it. BMW X3 is a reasonable choice. The safety is good but the infotainment needs work. Still early in ownership but so far so good.,BMW X3,3,2023,Luxury,SUV,Gasoline,1.5L,CVT,9,2070,19,35,442,Arizona,35-44,Luxury
The Honda Pilot handles like a dream. The driving experience is exhilarating. Honda Pilot is definitely a top performer in its class. The safety is class-leading and impressive. Ownership has been trouble-free for 26 months.,Honda Pilot,4,2024,Budget,Sedan,Gasoline,3.5L,CVT,16,384,34,37,146,Washington,45-54,Ride-sharing
This Hyundai Santa Fe has fantastic Hyundai Santa Fe features. Couldn't be happier with this purchase. The Hyundai is worth every penny. The fuel economy is class-leading and impressive. Ownership has been trouble-free for 23 months.,Hyundai Santa Fe,4,2022,Budget,Sedan,Gasoline,3.0L,Automatic,41,635,27,37,151,Illinois,45-54,Family
The Genesis GV70 is absolutely incredible. Genesis GV70 exceeds all expectations. The Genesis delivers amazing fuel economy performance. I highly recommend this vehicle. The fuel economy is class-leading and impressive. Ownership has been trouble-free for 28 months. Still early in ownership but so far so good.,Genesis GV70,4,2023,Luxury,Hatchback,Gasoline,1.5L,CVT,11,1955,25,32,333,California,45-54,Family
The Toyota Tundra is absolutely incredible. Toyota Tundra exceeds all expectations. The Toyota delivers amazing comfort performance. I highly recommend this vehicle. The comfort is class-leading and impressive. Ownership has been trouble-free for 35 months.,Toyota Tundra,5,2023,Mid-range,Sedan,Gasoline,2.5L,CVT,13,1160,24,39,242,Georgia,45-54,Commuting
Solid Tesla Model S with some drawbacks. The Tesla Model S is reliable but lacks excitement. Tesla gets the job done without complaints. The safety is good but the quality needs work. The electric range is 292 miles. Still early in ownership but so far so good.,Tesla Model S,3,2024,Mid-range,SUV,Electric,0.0L Electric,Automatic (Electric),3,1038,0,0,407,Illinois,55-64,Ride-sharing
The Chevrolet Equinox is overpriced and underperforms. Chevrolet Equinox needs serious improvement. I would not buy this again. The quality is unacceptable for this price point.,Chevrolet Equinox,2,2024,Luxury,Sedan,Plug-in Hybrid,2.0L,Automatic,16,1386,19,25,304,Tennessee,25-34,Family
This Subaru Outback has fantastic Subaru Outback features. Couldn't be happier with this purchase. The Subaru is worth every penny. The reliability is class-leading and impressive. Ownership has been trouble-free for 15 months.,Subaru Outback,5,2024,Mid-range,Hatchback,Gasoline,1.5L,Automatic,15,691,23,31,220,North Carolina,45-54,Family
The Honda Civic is absolutely incredible. Honda Civic exceeds all expectations. The Honda delivers amazing design performance. I highly recommend this vehicle. The design is class-leading and impressive. Ownership has been trouble-free for 26 months.,Honda Civic,4,2021,Budget,Sedan,Gasoline,2.0L,Automatic,50,615,35,42,147,Florida,45-54,Family
The Mercedes C-Class excels at some things but fails at others. It's a Mercedes C-Class that compromises on Mercedes. The performance is good but the road noise needs work. Still early in ownership but so far so good.,Mercedes C-Class,3,2024,Luxury,Sedan,Gasoline,3.5L,CVT,3,1817,21,33,405,Missouri,35-44,Business
The Nissan Rogue is absolutely incredible. Nissan Rogue exceeds all expectations. The Nissan delivers amazing comfort performance. I highly recommend this vehicle. The comfort is class-leading and impressive.,Nissan Rogue,4,2022,Luxury,Hatchback,Hybrid,2.0L,CVT,32,1992,58,51,189,Colorado,45-54,Luxury
The Toyota RAV4 is absolutely incredible. Toyota RAV4 exceeds all expectations. The Toyota delivers amazing safety performance. I highly recommend this vehicle. The safety is class-leading and impressive. Ownership has been trouble-free for 19 months.,Toyota RAV4,5,2024,Mid-range,SUV,Gasoline,5.0L,CVT,16,1011,23,40,248,Maryland,35-44,Ride-sharing
This Mercedes GLE has fantastic Mercedes GLE features. Couldn't be happier with this purchase. The Mercedes is worth every penny. The performance is class-leading and impressive. Ownership has been trouble-free for 48 months.,Mercedes GLE,4,2023,Luxury,SUV,Gasoline,5.0L,Automatic,12,2095,21,25,312,Florida,55-64,Luxury
Poor quality and unreliable. The Audi A6 lacks basic features. Audi A6 has been frustrating to own. The quality is unacceptable for this price point. The electric range is 309 miles.,Audi A6,2,2024,Luxury,Hatchback,Electric,0.0L Electric,Automatic (Electric),14,2271,0,0,729,Michigan,35-44,Luxury
I love my Hyundai Elantra! The Hyundai Elantra is perfect for Hyundai driving. The performance has been trouble-free and commuting never fails to impress me. The performance is class-leading and impressive. Ownership has been trouble-free for 6 months.,Hyundai Elantra,4,2022,Budget,SUV,Gasoline,2.5L,Automatic,55,590,27,40,140,Michigan,45-54,Commuting
Disappointed with the Chevrolet Malibu. The Chevrolet Malibu has been problematic. Chevrolet is not worth the money and I regret this purchase. The road noise is unacceptable for this price point. Still early in ownership but so far so good.,Chevrolet Malibu,1,2023,Budget,Sedan,Gasoline,1.5L,CVT,10,464,28,41,160,Michigan,55-64,Ride-sharing
The Volkswagen Golf GTI handles like a dream. The driving experience is exhilarating. Volkswagen Golf GTI is definitely a top performer in its class. The value is class-leading and impressive. Still early in ownership but so far so good.,Volkswagen Golf GTI,5,2024,Budget,Hatchback,Gasoline,2.5L,Automatic,5,583,32,35,167,Washington,25-34,Ride-sharing
The Nissan Rogue is absolutely incredible. Nissan Rogue exceeds all expectations. The Nissan delivers amazing technology performance. I highly recommend this vehicle. The technology is class-leading and impressive. Ownership has been trouble-free for 30 months. Still early in ownership but so far so good.,Nissan Rogue,5,2024,Luxury,Hatchback,Gasoline,2.0L,Automatic,3,2039,18,28,388,North Carolina,35-44,Family
The Kia Telluride is a lemon. It has spent too much time in the shop. Kia Telluride would not recommend to anyone. The rear seat space is unacceptable for this price point. Still early in ownership but so far so good.,Kia Telluride,2,2023,Budget,SUV,Gasoline,1.5L,Automatic,11,347,25,38,186,Massachusetts,55-64,Ride-sharing
I love my BMW M4! The BMW M4 is perfect for BMW driving. The comfort has been trouble-free and business never fails to impress me. The comfort is class-leading and impressive. Still early in ownership but so far so good.,BMW M4,5,2023,Luxury,Hatchback,Gasoline,3.0L,Automatic,10,1797,22,30,350,Georgia,35-44,Business
Disappointed with the Lexus IS. The Lexus IS has been problematic. Lexus is not worth the money and I regret this purchase. The acceleration is unacceptable for this price point.,Lexus IS,2,2022,Luxury,SUV,Gasoline,3.0L,Automatic,58,1933,21,32,328,Oregon,35-44,Luxury
Disappointed with the Jeep Cherokee. The Jeep Cherokee has been problematic. Jeep is not worth the money and I regret this purchase. The maintenance costs is unacceptable for this price point. Been to the dealer 7 times for repairs.,Jeep Cherokee,1,2024,Mid-range,Sedan,Gasoline,2.0L,CVT,15,1125,22,40,218,Michigan,55-64,Family
The Chevrolet Equinox is a lemon. It has spent too much time in the shop. Chevrolet Equinox would not recommend to anyone. The quality is unacceptable for this price point. Been to the dealer 5 times for repairs.,Chevrolet Equinox,2,2022,Budget,Sedan,Hybrid,1.8L,Automatic,49,490,47,48,129,California,65+,Family
Poor quality and unreliable. The BMW X5 lacks basic features. BMW X5 has been frustrating to own. The maintenance costs is unacceptable for this price point. Been to the dealer 3 times for repairs.,BMW X5,1,2023,Luxury,SUV,Gasoline,3.0L,CVT,18,1260,24,35,359,Colorado,45-54,Luxury
The Jeep Renegade handles like a dream. The driving experience is exhilarating. Jeep Renegade is definitely a top performer in its class. The performance is class-leading and impressive. Ownership has been trouble-free for 28 months.,Jeep Renegade,5,2022,Mid-range,SUV,Gasoline,3.5L,CVT,27,689,26,36,197,Massachusetts,25-34,Family
The Porsche 718 handles like a dream. The driving experience is exhilarating. Porsche 718 is definitely a top performer in its class. The technology is class-leading and impressive. Ownership has been trouble-free for 16 months. Still early in ownership but so far so good.,Porsche 718,4,2023,Supercar,Hatchback,Gasoline,3.0L,CVT,8,2106,14,21,415,Michigan,25-34,Recreation
The BMW 3 Series excels at some things but fails at others. It's a BMW 3 Series that compromises on BMW. The performance is good but the acceleration needs work.,BMW 3 Series,3,2022,Luxury,Sedan,Gasoline,5.0L,Automatic,38,2379,24,30,294,Colorado,35-44,Business
Best Subaru Crosstrek I've ever owned. The Subaru Crosstrek makes every drive enjoyable. The Subaru is both powerful and efficient. The value is class-leading and impressive. Still early in ownership but so far so good.,Subaru Crosstrek,5,2023,Budget,SUV,Gasoline,2.0L,CVT,4,346,25,38,148,California,35-44,Commuting
Best Audi Q5 I've ever owned. The Audi Q5 makes every drive enjoyable. The Audi is both powerful and efficient. The technology is class-leading and impressive. Ownership has been trouble-free for 33 months. Still early in ownership but so far so good.,Audi Q5,5,2024,Luxury,SUV,Hybrid,2.5L,Automatic,6,2277,56,42,167,Virginia,35-44,Business
The Genesis G90 is absolutely incredible. Genesis G90 exceeds all expectations. The Genesis delivers amazing design performance. I highly recommend this vehicle. The design is class-leading and impressive. Still early in ownership but so far so good.,Genesis G90,5,2024,Luxury,Sedan,Gasoline,3.5L,CVT,10,2406,20,31,328,Ohio,25-34,Family
Best Jeep Cherokee I've ever owned. The Jeep Cherokee makes every drive enjoyable. The Jeep is both powerful and efficient. The fuel economy is class-leading and impressive. Still early in ownership but so far so good.,Jeep Cherokee,4,2024,Luxury,Sedan,Gasoline,1.5L,CVT,7,1878,19,28,338,Georgia,25-34,Luxury
This Chevrolet Equinox has fantastic Chevrolet Equinox features. Couldn't be happier with this purchase. The Chevrolet is worth every penny. The technology is class-leading and impressive. The electric range is 322 miles.,Chevrolet Equinox,5,2023,Budget,Hatchback,Electric,0.0L Electric,Automatic (Electric),17,675,0,0,629,Colorado,45-54,Delivery
I love my Lexus LS! The Lexus LS is perfect for Lexus driving. The comfort has been trouble-free and business never fails to impress me. The comfort is class-leading and impressive. Ownership has been trouble-free for 11 months. Still early in ownership but so far so good.,Lexus LS,5,2024,Luxury,Sedan,Gasoline,1.5L,CVT,3,1852,22,26,268,Georgia,25-34,Business
Best Kia EV6 I've ever owned. The Kia EV6 makes every drive enjoyable. The Kia is both powerful and efficient. The safety is class-leading and impressive. Still early in ownership but so far so good.,Kia EV6,5,2024,Mid-range,Hatchback,Plug-in Hybrid,1.8L,CVT,8,654,23,35,206,Washington,35-44,Ride-sharing
I love my Mazda Mazda6! The Mazda Mazda6 is perfect for Mazda driving. The safety has been trouble-free and family never fails to impress me. The safety is class-leading and impressive.,Mazda Mazda6,5,2024,Budget,Sedan,Gasoline,3.0L,Automatic,12,638,35,44,181,Washington,25-34,Family
This BMW X3 has fantastic BMW X3 features. Couldn't be happier with this purchase. The BMW is worth every penny. The fuel economy is class-leading and impressive.,BMW X3,4,2023,Luxury,SUV,Gasoline,2.5L,Automatic,15,1578,23,31,344,Colorado,35-44,Business
The Chevrolet Bolt handles like a dream. The driving experience is exhilarating. Chevrolet Bolt is definitely a top performer in its class. The fuel economy is class-leading and impressive. Ownership has been trouble-free for 36 months.,Chevrolet Bolt,4,2022,Luxury,Hatchback,Gasoline,5.0L,CVT,58,2047,21,33,265,Virginia,45-54,Business
Disappointed with the Hyundai Kona. The Hyundai Kona has been problematic. Hyundai is not worth the money and I regret this purchase. The quality is unacceptable for this price point. Been to the dealer 6 times for repairs. Still early in ownership but so far so good.,Hyundai Kona,2,2024,Budget,Hatchback,Gasoline,3.5L,Automatic,6,687,32,37,141,Washington,55-64,Family
The Ford F-150 handles like a dream. The driving experience is exhilarating. Ford F-150 is definitely a top performer in its class. The design is class-leading and impressive. Still early in ownership but so far so good.,Ford F-150,5,2024,Luxury,Truck,Gasoline,5.0L,Automatic,5,1994,24,33,333,Michigan,35-44,Luxury
The Mercedes GLC handles like a dream. The driving experience is exhilarating. Mercedes GLC is definitely a top performer in its class. The fuel economy is class-leading and impressive.,Mercedes GLC,4,2023,Luxury,SUV,Gasoline,3.5L,Automatic,12,2296,23,31,317,Virginia,45-54,Family
The Mazda MX-5 Miata excels at some things but fails at others. It's a Mazda MX-5 Miata that compromises on Mazda. The safety is good but the maintenance costs needs work. Still early in ownership but so far so good.,Mazda MX-5 Miata,3,2024,Mid-range,Sedan,Gasoline,2.5L,Automatic,4,1086,26,35,182,Georgia,55-64,Ride-sharing
The Honda HR-V is absolutely incredible. Honda HR-V exceeds all expectations. The Honda delivers amazing reliability performance. I highly recommend this vehicle. The reliability is class-leading and impressive.,Honda HR-V,5,2022,Mid-range,Hatchback,Gasoline,2.5L,CVT,50,691,25,37,207,Massachusetts,45-54,Ride-sharing
The Nissan Leaf handles like a dream. The driving experience is exhilarating. Nissan Leaf is definitely a top performer in its class. The design is class-leading and impressive. Ownership has been trouble-free for 7 months. Still early in ownership but so far so good.,Nissan Leaf,4,2024,Luxury,Hatchback,Hybrid,1.8L,Automatic,10,1267,59,41,166,Washington,25-34,Business
I love my Chevrolet Malibu! The Chevrolet Malibu is perfect for Chevrolet driving. The value has been trouble-free and family never fails to impress me. The value is class-leading and impressive. Still early in ownership but so far so good.,Chevrolet Malibu,4,2023,Budget,SUV,Gasoline,2.5L,CVT,8,432,26,39,123,Virginia,18-24,Family
Best Mazda CX-30 I've ever owned. The Mazda CX-30 makes every drive enjoyable. The Mazda is both powerful and efficient. The fuel economy is class-leading and impressive. Still early in ownership but so far so good.,Mazda CX-30,4,2024,Budget,SUV,Gasoline,5.0L,Automatic,3,414,29,44,159,Michigan,35-44,Delivery
Best Hyundai Kona I've ever owned. The Hyundai Kona makes every drive enjoyable. The Hyundai is both powerful and efficient. The safety is class-leading and impressive. Ownership has been trouble-free for 47 months.,Hyundai Kona,5,2024,Mid-range,Hatchback,Gasoline,3.5L,CVT,12,905,23,37,188,Georgia,65+,Ride-sharing
Good value for the price. The Hyundai Palisade could be better but the price makes up for it. Hyundai Palisade is a reasonable choice. The design is good but the acceleration needs work.,Hyundai Palisade,3,2023,Budget,Sedan,Gasoline,3.5L,CVT,13,648,27,35,183,Ohio,35-44,Delivery
Best Toyota RAV4 I've ever owned. The Toyota RAV4 makes every drive enjoyable. The Toyota is both powerful and efficient. The reliability is class-leading and impressive. Ownership has been trouble-free for 47 months.,Toyota RAV4,5,2024,Budget,SUV,Gasoline,2.0L,CVT,14,559,29,37,143,Ohio,25-34,Family
Good value for the price. The Honda Odyssey could be better but the price makes up for it. Honda Odyssey is a reasonable choice. The value is good but the rear seat space needs work.,Honda Odyssey,3,2022,Mid-range,SUV,Gasoline,2.5L,CVT,40,1199,26,37,195,Tennessee,25-34,Commuting
I love my BMW X5! The BMW X5 is perfect for BMW driving. The comfort has been trouble-free and family never fails to impress me. The comfort is class-leading and impressive. Still early in ownership but so far so good.,BMW X5,5,2023,Luxury,SUV,Gasoline,2.0L,Automatic,9,1901,24,34,367,Illinois,35-44,Family
This Audi Q5 has fantastic Audi Q5 features. Couldn't be happier with this purchase. The Audi is worth every penny. The performance is class-leading and impressive. Ownership has been trouble-free for 29 months.,Audi Q5,4,2021,Luxury,SUV,Gasoline,2.0L,Automatic,55,1380,20,34,361,Massachusetts,35-44,Business
Best Tesla Model S I've ever owned. The Tesla Model S makes every drive enjoyable. The Tesla is both powerful and efficient. The reliability is class-leading and impressive. The electric range is 350 miles. Still early in ownership but so far so good.,Tesla Model S,5,2024,Luxury,Sedan,Electric,0.0L Electric,Automatic (Electric),3,2483,0,0,454,Arizona,45-54,Business
The Kia Telluride has both good and bad points. The Kia Telluride performs well but has some issues. Overall Kia is decent but not perfect. The value is good but the road noise needs work.,Kia Telluride,3,2024,Mid-range,SUV,Gasoline,3.5L,CVT,16,737,27,37,225,Washington,35-44,Delivery
The BMW M4 has both good and bad points. The BMW M4 performs well but has some issues. Overall BMW is decent but not perfect. The comfort is good but the maintenance costs needs work.,BMW M4,3,2021,Luxury,Hatchback,Gasoline,2.5L,Automatic,48,1723,18,34,262,New York,45-54,Luxury
I love my Volvo XC40! The Volvo XC40 is perfect for Volvo driving. The design has been trouble-free and family never fails to impress me. The design is class-leading and impressive. Ownership has been trouble-free for 45 months.,Volvo XC40,4,2023,Luxury,SUV,Gasoline,2.0L,Automatic,12,2061,19,35,383,Michigan,35-44,Family
This BMW X5 has fantastic BMW X5 features. Couldn't be happier with this purchase. The BMW is worth every penny. The technology is class-leading and impressive. Still early in ownership but so far so good.,BMW X5,4,2024,Luxury,SUV,Gasoline,2.0L,CVT,9,1933,24,29,291,Texas,35-44,Luxury
I love my Honda Odyssey! The Honda Odyssey is perfect for Honda driving. The performance has been trouble-free and commuting never fails to impress me. The performance is class-leading and impressive. Still early in ownership but so far so good.,Honda Odyssey,5,2024,Mid-range,Sedan,Gasoline,3.5L,Automatic,6,862,25,37,217,Michigan,35-44,Commuting
I love my Kia Sorento! The Kia Sorento is perfect for Kia driving. The comfort has been trouble-free and ride-sharing never fails to impress me. The comfort is class-leading and impressive.,Kia Sorento,4,2022,Budget,Sedan,Gasoline,5.0L,Automatic,45,483,32,44,154,Florida,35-44,Ride-sharing
The Porsche Cayenne handles like a dream. The driving experience is exhilarating. Porsche Cayenne is definitely a top performer in its class. The fuel economy is class-leading and impressive. Ownership has been trouble-free for 28 months. Still early in ownership but so far so good.,Porsche Cayenne,4,2023,Supercar,SUV,Gasoline,5.0L,Automatic,6,2542,17,18,481,New York,35-44,Recreation
Terrible experience with this Jeep Renegade. The Jeep Renegade has multiple issues and poor build quality. Jeep waste of money. The acceleration is unacceptable for this price point. Been to the dealer 7 times for repairs.,Jeep Renegade,1,2024,Luxury,Sedan,Gasoline,3.0L,Automatic,16,2102,18,26,316,Georgia,18-24,Family
The Volkswagen Jetta handles like a dream. The driving experience is exhilarating. Volkswagen Jetta is definitely a top performer in its class. The fuel economy is class-leading and impressive. Ownership has been trouble-free for 10 months.,Volkswagen Jetta,5,2024,Mid-range,Hatchback,Gasoline,3.0L,CVT,15,752,30,39,186,California,35-44,Family
This Nissan Sentra has fantastic Nissan Sentra features. Couldn't be happier with this purchase. The Nissan is worth every penny. The technology is class-leading and impressive. Ownership has been trouble-free for 47 months.,Nissan Sentra,4,2023,Mid-range,Sedan,Gasoline,3.5L,CVT,15,840,23,37,236,Oregon,25-34,Delivery
Disappointed with the Tesla Model X. The Tesla Model X has been problematic. Tesla is not worth the money and I regret this purchase. The maintenance costs is unacceptable for this price point. The electric range is 321 miles.,Tesla Model X,2,2023,Luxury,Sedan,Electric,0.0L Electric,Automatic (Electric),12,2241,0,0,411,Oregon,65+,Business
The Subaru Ascent is absolutely incredible. Subaru Ascent exceeds all expectations. The Subaru delivers amazing safety performance. I highly recommend this vehicle. The safety is class-leading and impressive.,Subaru Ascent,5,2022,Budget,Sedan,Gasoline,5.0L,CVT,59,567,30,36,125,Colorado,35-44,Delivery
This BMW X5 has fantastic BMW X5 features. Couldn't be happier with this purchase. The BMW is worth every penny. The reliability is class-leading and impressive. Still early in ownership but so far so good.,BMW X5,5,2023,Luxury,SUV,Gasoline,2.0L,CVT,6,2048,18,35,422,New York,45-54,Business
Best Toyota Prius I've ever owned. The Toyota Prius makes every drive enjoyable. The Toyota is both powerful and efficient. The design is class-leading and impressive. Ownership has been trouble-free for 34 months. Still early in ownership but so far so good.,Toyota Prius,4,2023,Mid-range,Hatchback,Hybrid,1.8L,Automatic,7,706,57,50,184,Virginia,35-44,Family
Solid BMW M4 with some drawbacks. The BMW M4 is reliable but lacks excitement. BMW gets the job done without complaints. The reliability is good but the rear seat space needs work. Still early in ownership but so far so good.,BMW M4,3,2024,Luxury,Hatchback,Gasoline,5.0L,CVT,9,1611,21,34,432,Ohio,45-54,Family
The Volkswagen Atlas is absolutely incredible. Volkswagen Atlas exceeds all expectations. The Volkswagen delivers amazing value performance. I highly recommend this vehicle. The value is class-leading and impressive. Ownership has been trouble-free for 16 months.,Volkswagen Atlas,5,2023,Budget,SUV,Gasoline,3.5L,CVT,12,516,25,43,133,California,35-44,Commuting
The Hyundai Tucson is absolutely incredible. Hyundai Tucson exceeds all expectations. The Hyundai delivers amazing design performance. I highly recommend this vehicle. The design is class-leading and impressive.,Hyundai Tucson,5,2022,Budget,Hatchback,Gasoline,2.0L,Automatic,46,531,26,44,148,Maryland,35-44,Ride-sharing
I love my Kia Sorento! The Kia Sorento is perfect for Kia driving. The reliability has been trouble-free and commuting never fails to impress me. The reliability is class-leading and impressive. Ownership has been trouble-free for 30 months.,Kia Sorento,5,2021,Mid-range,Sedan,Gasoline,3.0L,Automatic,47,1159,25,33,217,Oregon,25-34,Commuting
This Toyota RAV4 has fantastic Toyota RAV4 features. Couldn't be happier with this purchase. The Toyota is worth every penny. The technology is class-leading and impressive. Ownership has been trouble-free for 26 months.,Toyota RAV4,4,2023,Budget,SUV,Gasoline,2.5L,Automatic,13,538,27,35,139,Georgia,35-44,Ride-sharing
"The Volkswagen Jetta is adequate for most needs. However, there is room for improvement in Volkswagen Jetta. The fuel economy is good but the rear seat space needs work.",Volkswagen Jetta,3,2022,Budget,Hatchback,Gasoline,3.5L,CVT,29,478,28,38,162,Georgia,45-54,Family
The Tesla Model Y is a lemon. It has spent too much time in the shop. Tesla Model Y would not recommend to anyone. The rear seat space is unacceptable for this price point. Been to the dealer 3 times for repairs. The electric range is 332 miles. Still early in ownership but so far so good.,Tesla Model Y,2,2023,Luxury,SUV,Electric,0.0L Electric,Automatic (Electric),10,1281,0,0,528,Virginia,55-64,Luxury
I love my Subaru WRX! The Subaru WRX is perfect for Subaru driving. The value has been trouble-free and commuting never fails to impress me. The value is class-leading and impressive.,Subaru WRX,4,2023,Mid-range,Sedan,Gasoline,5.0L,Automatic,13,1126,23,31,201,Maryland,35-44,Commuting
The BMW 3 Series excels at some things but fails at others. It's a BMW 3 Series that compromises on BMW. The comfort is good but the rear seat space needs work. Still early in ownership but so far so good.,BMW 3 Series,3,2024,Luxury,Sedan,Gasoline,5.0L,Automatic,7,1248,25,30,259,Florida,25-34,Luxury
The Ford Bronco is absolutely incredible. Ford Bronco exceeds all expectations. The Ford delivers amazing technology performance. I highly recommend this vehicle. The technology is class-leading and impressive.,Ford Bronco,5,2023,Mid-range,Hatchback,Gasoline,2.5L,Automatic,15,721,30,30,262,Florida,45-54,Commuting
I love my Hyundai Kona! The Hyundai Kona is perfect for Hyundai driving. The safety has been trouble-free and ride-sharing never fails to impress me. The safety is class-leading and impressive. Ownership has been trouble-free for 47 months.,Hyundai Kona,5,2022,Mid-range,SUV,Gasoline,5.0L,Automatic,54,760,30,33,197,Virginia,45-54,Ride-sharing
I love my Subaru WRX! The Subaru WRX is perfect for Subaru driving. The reliability has been trouble-free and family never fails to impress me. The reliability is class-leading and impressive. Ownership has been trouble-free for 22 months.,Subaru WRX,5,2021,Budget,Sedan,Plug-in Hybrid,2.5L,CVT,58,580,26,39,146,North Carolina,25-34,Family
Poor quality and unreliable. The Audi RS5 lacks basic features. Audi RS5 has been frustrating to own. The road noise is unacceptable for this price point. Been to the dealer 4 times for repairs. Still early in ownership but so far so good.,Audi RS5,2,2024,Luxury,Hatchback,Gasoline,3.5L,CVT,5,1795,19,29,275,Washington,55-64,Business
I love my BMW 3 Series! The BMW 3 Series is perfect for BMW driving. The performance has been trouble-free and business never fails to impress me. The performance is class-leading and impressive.,BMW 3 Series,4,2021,Luxury,Sedan,Gasoline,3.0L,CVT,43,2396,20,34,395,North Carolina,45-54,Business
I love my Ford Escape! The Ford Escape is perfect for Ford driving. The comfort has been trouble-free and commuting never fails to impress me. The comfort is class-leading and impressive. Ownership has been trouble-free for 14 months.,Ford Escape,5,2024,Mid-range,SUV,Gasoline,5.0L,CVT,18,1073,29,35,279,Ohio,35-44,Commuting
Good value for the price. The Volkswagen Tiguan could be better but the price makes up for it. Volkswagen Tiguan is a reasonable choice. The reliability is good but the infotainment needs work.,Volkswagen Tiguan,3,2024,Luxury,Sedan,Gasoline,1.5L,Automatic,15,2408,21,25,391,Michigan,45-54,Family
"The Mazda Mazda3 is adequate for most needs. However, there is room for improvement in Mazda Mazda3. The reliability is good but the maintenance costs needs work.",Mazda Mazda3,3,2024,Mid-range,Sedan,Gasoline,3.5L,Automatic,15,972,30,30,264,Arizona,55-64,Family
The Mercedes S-Class has both good and bad points. The Mercedes S-Class performs well but has some issues. Overall Mercedes is decent but not perfect. The value is good but the rear seat space needs work.,Mercedes S-Class,3,2024,Luxury,Hatchback,Gasoline,2.0L,CVT,14,1282,21,32,309,Florida,35-44,Luxury
Best Subaru Impreza I've ever owned. The Subaru Impreza makes every drive enjoyable. The Subaru is both powerful and efficient. The comfort is class-leading and impressive. Still early in ownership but so far so good.,Subaru Impreza,4,2024,Budget,Sedan,Gasoline,2.5L,Automatic,11,679,29,44,189,Colorado,35-44,Delivery
I love my Ford Bronco! The Ford Bronco is perfect for Ford driving. The reliability has been trouble-free and family never fails to impress me. The reliability is class-leading and impressive. Still early in ownership but so far so good.,Ford Bronco,4,2023,Mid-range,SUV,Gasoline,3.5L,Automatic,7,1050,24,33,189,Missouri,35-44,Family
The BMW X5 handles like a dream. The driving experience is exhilarating. BMW X5 is definitely a top performer in its class. The reliability is class-leading and impressive. Ownership has been trouble-free for 8 months.,BMW X5,5,2023,Luxury,SUV,Gasoline,3.0L,CVT,18,1631,20,35,355,California,25-34,Luxury
Solid Lexus GX with some drawbacks. The Lexus GX is reliable but lacks excitement. Lexus gets the job done without complaints. The design is good but the rear seat space needs work.,Lexus GX,3,2022,Luxury,Sedan,Gasoline,3.0L,Automatic,42,1375,21,32,405,Tennessee,55-64,Luxury
I love my Mercedes E-Class! The Mercedes E-Class is perfect for Mercedes driving. The comfort has been trouble-free and business never fails to impress me. The comfort is class-leading and impressive. Still early in ownership but so far so good.,Mercedes E-Class,5,2024,Luxury,Sedan,Gasoline,3.5L,CVT,8,1901,25,34,401,Florida,25-34,Business
This Nissan Leaf has fantastic Nissan Leaf features. Couldn't be happier with this purchase. The Nissan is worth every penny. The design is class-leading and impressive. Ownership has been trouble-free for 39 months. Still early in ownership but so far so good.,Nissan Leaf,5,2024,Luxury,Sedan,Gasoline,3.5L,Automatic,6,1390,25,35,283,Maryland,45-54,Family
The Volvo S90 excels at some things but fails at others. It's a Volvo S90 that compromises on Volvo. The design is good but the infotainment needs work.,Volvo S90,3,2024,Luxury,SUV,Gasoline,5.0L,Automatic,16,1474,22,32,446,Arizona,55-64,Luxury
Terrible experience with this Audi e-tron. The Audi e-tron has multiple issues and poor build quality. Audi waste of money. The infotainment is unacceptable for this price point. Been to the dealer 6 times for repairs.,Audi e-tron,1,2024,Luxury,Sedan,Gasoline,1.5L,Automatic,15,1620,23,31,342,New York,35-44,Family
Best Lexus NX I've ever owned. The Lexus NX makes every drive enjoyable. The Lexus is both powerful and efficient. The technology is class-leading and impressive.,Lexus NX,4,2022,Luxury,Hatchback,Gasoline,2.0L,CVT,59,2341,25,27,344,Maryland,35-44,Business
The Mercedes C-Class is absolutely incredible. Mercedes C-Class exceeds all expectations. The Mercedes delivers amazing comfort performance. I highly recommend this vehicle. The comfort is class-leading and impressive. Still early in ownership but so far so good.,Mercedes C-Class,5,2024,Luxury,Sedan,Gasoline,5.0L,Automatic,6,1639,24,30,390,Texas,25-34,Family
This Jeep Cherokee has fantastic Jeep Cherokee features. Couldn't be happier with this purchase. The Jeep is worth every penny. The fuel economy is class-leading and impressive.,Jeep Cherokee,4,2021,Budget,SUV,Gasoline,1.5L,CVT,49,614,35,43,156,Texas,55-64,Family
This Volkswagen Golf GTI has fantastic Volkswagen Golf GTI features. Couldn't be happier with this purchase. The Volkswagen is worth every penny. The technology is class-leading and impressive.,Volkswagen Golf GTI,4,2021,Luxury,Hatchback,Gasoline,2.0L,Manual,26,1936,21,35,250,Colorado,25-34,Business
Good value for the price. The Jeep Wrangler could be better but the price makes up for it. Jeep Wrangler is a reasonable choice. The design is good but the rear seat space needs work.,Jeep Wrangler,3,2021,Luxury,SUV,Gasoline,3.5L,CVT,59,2393,23,30,320,Arizona,45-54,Luxury
The Tesla Model 3 excels at some things but fails at others. It's a Tesla Model 3 that compromises on Tesla. The safety is good but the acceleration needs work. The electric range is 313 miles. Still early in ownership but so far so good.,Tesla Model 3,3,2023,Luxury,Sedan,Electric,0.0L Electric,Automatic (Electric),5,2230,0,0,501,Georgia,55-64,Family
Best Mazda CX-5 I've ever owned. The Mazda CX-5 makes every drive enjoyable. The Mazda is both powerful and efficient. The design is class-leading and impressive. Ownership has been trouble-free for 6 months.,Mazda CX-5,4,2024,Mid-range,SUV,Gasoline,3.5L,Automatic,18,719,26,31,228,Arizona,45-54,Family
Solid Chevrolet Camaro with some drawbacks. The Chevrolet Camaro is reliable but lacks excitement. Chevrolet gets the job done without complaints. The fuel economy is good but the acceleration needs work.,Chevrolet Camaro,3,2021,Luxury,Hatchback,Gasoline,1.5L,Automatic,54,1842,23,28,396,Michigan,35-44,Family
The Ford F-150 has both good and bad points. The Ford F-150 performs well but has some issues. Overall Ford is decent but not perfect. The fuel economy is good but the infotainment needs work.,Ford F-150,3,2022,Mid-range,Truck,Gasoline,2.0L,CVT,33,709,23,31,266,Tennessee,45-54,Family
This Genesis G70 has fantastic Genesis G70 features. Couldn't be happier with this purchase. The Genesis is worth every penny. The performance is class-leading and impressive. Still early in ownership but so far so good.,Genesis G70,4,2024,Luxury,Hatchback,Gasoline,3.0L,Automatic,11,2014,21,34,282,Texas,35-44,Business
I love my Audi A6! The Audi A6 is perfect for Audi driving. The safety has been trouble-free and business never fails to impress me. The safety is class-leading and impressive.,Audi A6,4,2022,Luxury,Hatchback,Gasoline,5.0L,Automatic,24,1631,24,34,275,Georgia,35-44,Business
The Jeep Renegade is absolutely incredible. Jeep Renegade exceeds all expectations. The Jeep delivers amazing safety performance. I highly recommend this vehicle. The safety is class-leading and impressive. Ownership has been trouble-free for 30 months.,Jeep Renegade,4,2022,Mid-range,Sedan,Gasoline,2.5L,CVT,49,886,29,32,253,Illinois,55-64,Family
The Audi RS5 excels at some things but fails at others. It's a Audi RS5 that compromises on Audi. The safety is good but the rear seat space needs work.,Audi RS5,3,2024,Luxury,Sedan,Gasoline,1.5L,Automatic,16,2223,20,35,382,Maryland,55-64,Business
Poor quality and unreliable. The Lexus NX lacks basic features. Lexus NX has been frustrating to own. The rear seat space is unacceptable for this price point. Been to the dealer 5 times for repairs. The electric range is 288 miles.,Lexus NX,1,2021,Luxury,Sedan,Electric,0.0L Electric,Automatic (Electric),54,2489,0,0,298,Oregon,55-64,Business
This Tesla Model X has fantastic Tesla Model X features. Couldn't be happier with this purchase. The Tesla is worth every penny. The comfort is class-leading and impressive. Ownership has been trouble-free for 35 months. The electric range is 237 miles. Still early in ownership but so far so good.,Tesla Model X,4,2023,Luxury,Hatchback,Electric,0.0L Electric,Automatic (Electric),8,1782,0,0,563,Georgia,45-54,Business
Best Audi A4 I've ever owned. The Audi A4 makes every drive enjoyable. The Audi is both powerful and efficient. The design is class-leading and impressive. Ownership has been trouble-free for 29 months. Still early in ownership but so far so good.,Audi A4,5,2024,Luxury,SUV,Gasoline,3.5L,CVT,5,1362,20,30,308,Georgia,35-44,Business
This Jeep Wrangler has fantastic Jeep Wrangler features. Couldn't be happier with this purchase. The Jeep is worth every penny. The performance is class-leading and impressive. Ownership has been trouble-free for 39 months. Still early in ownership but so far so good.,Jeep Wrangler,4,2023,Budget,SUV,Gasoline,2.0L,Automatic,11,680,26,38,141,Virginia,25-34,Commuting
Disappointed with the Honda Pilot. The Honda Pilot has been problematic. Honda is not worth the money and I regret this purchase. The acceleration is unacceptable for this price point. Still early in ownership but so far so good.,Honda Pilot,2,2024,Budget,Hatchback,Gasoline,3.0L,CVT,10,426,29,42,136,Illinois,45-54,Family
This Kia K5 has fantastic Kia K5 features. Couldn't be happier with this purchase. The Kia is worth every penny. The value is class-leading and impressive.,Kia K5,5,2023,Mid-range,Hatchback,Gasoline,5.0L,Automatic,17,1177,28,38,261,Maryland,35-44,Ride-sharing
Best Subaru Ascent I've ever owned. The Subaru Ascent makes every drive enjoyable. The Subaru is both powerful and efficient. The value is class-leading and impressive. Ownership has been trouble-free for 18 months.,Subaru Ascent,4,2022,Budget,Sedan,Gasoline,2.0L,CVT,42,540,33,35,182,Tennessee,25-34,Delivery
Best Volvo XC60 I've ever owned. The Volvo XC60 makes every drive enjoyable. The Volvo is both powerful and efficient. The safety is class-leading and impressive. Ownership has been trouble-free for 23 months.,Volvo XC60,5,2023,Luxury,Sedan,Gasoline,5.0L,CVT,15,1651,22,26,358,Arizona,35-44,Family
The Volvo XC60 has both good and bad points. The Volvo XC60 performs well but has some issues. Overall Volvo is decent but not perfect. The reliability is good but the quality needs work.,Volvo XC60,3,2021,Luxury,Sedan,Gasoline,5.0L,CVT,52,1757,25,28,332,California,35-44,Family
The Hyundai Tucson excels at some things but fails at others. It's a Hyundai Tucson that compromises on Hyundai. The comfort is good but the road noise needs work. Still early in ownership but so far so good.,Hyundai Tucson,3,2024,Budget,Sedan,Gasoline,1.5L,CVT,9,475,31,39,183,North Carolina,45-54,Commuting
Solid Toyota Tacoma with some drawbacks. The Toyota Tacoma is reliable but lacks excitement. Toyota gets the job done without complaints. The fuel economy is good but the acceleration needs work. Still early in ownership but so far so good.,Toyota Tacoma,3,2023,Mid-range,Sedan,Gasoline,2.5L,CVT,3,724,25,36,278,Oregon,35-44,Commuting
I love my Honda HR-V! The Honda HR-V is perfect for Honda driving. The technology has been trouble-free and ride-sharing never fails to impress me. The technology is class-leading and impressive. Ownership has been trouble-free for 19 months. Still early in ownership but so far so good.,Honda HR-V,4,2024,Mid-range,SUV,Gasoline,2.5L,CVT,8,643,30,38,195,Michigan,35-44,Ride-sharing
The BMW X3 excels at some things but fails at others. It's a BMW X3 that compromises on BMW. The comfort is good but the road noise needs work.,BMW X3,3,2023,Luxury,SUV,Gasoline,2.5L,Automatic,15,1697,18,25,398,Tennessee,45-54,Luxury
The Mercedes GLE handles like a dream. The driving experience is exhilarating. Mercedes GLE is definitely a top performer in its class. The technology is class-leading and impressive. Ownership has been trouble-free for 7 months. Still early in ownership but so far so good.,Mercedes GLE,4,2024,Luxury,SUV,Gasoline,5.0L,Automatic,4,1928,20,33,277,Illinois,35-44,Business
Best Mazda CX-5 I've ever owned. The Mazda CX-5 makes every drive enjoyable. The Mazda is both powerful and efficient. The reliability is class-leading and impressive. Ownership has been trouble-free for 34 months.,Mazda CX-5,4,2022,Budget,SUV,Gasoline,3.5L,CVT,58,656,32,38,143,Maryland,35-44,Delivery
I love my Hyundai Palisade! The Hyundai Palisade is perfect for Hyundai driving. The fuel economy has been trouble-free and delivery never fails to impress me. The fuel economy is class-leading and impressive. Still early in ownership but so far so good.,Hyundai Palisade,5,2023,Mid-range,Sedan,Gasoline,3.5L,CVT,8,619,27,39,210,Georgia,45-54,Delivery
The Hyundai Tucson handles like a dream. The driving experience is exhilarating. Hyundai Tucson is definitely a top performer in its class. The design is class-leading and impressive. Still early in ownership but so far so good.,Hyundai Tucson,4,2024,Budget,Sedan,Gasoline,1.5L,Automatic,7,391,25,38,133,Tennessee,25-34,Commuting
This Genesis G80 has fantastic Genesis G80 features. Couldn't be happier with this purchase. The Genesis is worth every penny. The technology is class-leading and impressive.,Genesis G80,5,2022,Luxury,SUV,Gasoline,5.0L,Automatic,24,1627,25,26,369,Texas,35-44,Family
Solid Genesis G70 with some drawbacks. The Genesis G70 is reliable but lacks excitement. Genesis gets the job done without complaints. The reliability is good but the rear seat space needs work.,Genesis G70,3,2021,Luxury,Sedan,Gasoline,1.5L,Automatic,57,1398,19,28,386,Virginia,35-44,Family
I love my Lexus ES! The Lexus ES is perfect for Lexus driving. The fuel economy has been trouble-free and family never fails to impress me. The fuel economy is class-leading and impressive. Ownership has been trouble-free for 41 months.,Lexus ES,4,2022,Luxury,Hatchback,Gasoline,5.0L,CVT,51,1413,20,27,390,Virginia,35-44,Family
The Kia K5 is absolutely incredible. Kia K5 exceeds all expectations. The Kia delivers amazing safety performance. I highly recommend this vehicle. The safety is class-leading and impressive.,Kia K5,5,2023,Mid-range,Hatchback,Gasoline,2.0L,Automatic,15,1163,26,35,237,Oregon,55-64,Commuting
Best Mercedes C-Class I've ever owned. The Mercedes C-Class makes every drive enjoyable. The Mercedes is both powerful and efficient. The technology is class-leading and impressive. Still early in ownership but so far so good.,Mercedes C-Class,5,2023,Luxury,Sedan,Gasoline,2.0L,CVT,3,1765,20,26,259,Oregon,35-44,Luxury
The Chevrolet Traverse is absolutely incredible. Chevrolet Traverse exceeds all expectations. The Chevrolet delivers amazing design performance. I highly recommend this vehicle. The design is class-leading and impressive. Ownership has been trouble-free for 27 months.,Chevrolet Traverse,5,2021,Mid-range,Hatchback,Gasoline,5.0L,Automatic,44,1094,24,37,268,New York,35-44,Ride-sharing
Best Subaru Forester I've ever owned. The Subaru Forester makes every drive enjoyable. The Subaru is both powerful and efficient. The value is class-leading and impressive.,Subaru Forester,5,2023,Budget,Sedan,Gasoline,3.5L,Automatic,15,327,29,43,125,Georgia,35-44,Family
This Mazda Mazda6 has fantastic Mazda Mazda6 features. Couldn't be happier with this purchase. The Mazda is worth every penny. The design is class-leading and impressive. Still early in ownership but so far so good.,Mazda Mazda6,5,2024,Budget,Sedan,Gasoline,3.0L,Automatic,7,472,26,42,126,Maryland,35-44,Commuting
This Mercedes C-Class has fantastic Mercedes C-Class features. Couldn't be happier with this purchase. The Mercedes is worth every penny. The technology is class-leading and impressive.,Mercedes C-Class,4,2022,Luxury,Sedan,Gasoline,2.0L,Automatic,39,1346,22,31,332,Florida,25-34,Business
The Subaru Outback is absolutely incredible. Subaru Outback exceeds all expectations. The Subaru delivers amazing performance performance. I highly recommend this vehicle. The performance is class-leading and impressive. Ownership has been trouble-free for 15 months.,Subaru Outback,5,2021,Mid-range,Sedan,Gasoline,3.5L,CVT,33,1051,22,33,205,North Carolina,25-34,Commuting
Terrible experience with this Hyundai Santa Fe. The Hyundai Santa Fe has multiple issues and poor build quality. Hyundai waste of money. The rear seat space is unacceptable for this price point. Been to the dealer 4 times for repairs. Still early in ownership but so far so good.,Hyundai Santa Fe,1,2024,Budget,SUV,Gasoline,1.5L,CVT,9,678,33,38,146,Maryland,45-54,Ride-sharing
Best Tesla Model X I've ever owned. The Tesla Model X makes every drive enjoyable. The Tesla is both powerful and efficient. The performance is class-leading and impressive. Ownership has been trouble-free for 6 months. The electric range is 217 miles. Still early in ownership but so far so good.,Tesla Model X,4,2024,Luxury,SUV,Electric,0.0L Electric,Automatic (Electric),8,1323,0,0,490,Washington,45-54,Family
The Mazda Mazda3 handles like a dream. The driving experience is exhilarating. Mazda Mazda3 is definitely a top performer in its class. The fuel economy is class-leading and impressive. Ownership has been trouble-free for 7 months.,Mazda Mazda3,5,2024,Mid-range,Sedan,Plug-in Hybrid,2.0L,Automatic,15,1120,23,35,242,Maryland,25-34,Family
The Toyota RAV4 has both good and bad points. The Toyota RAV4 performs well but has some issues. Overall Toyota is decent but not perfect. The safety is good but the maintenance costs needs work.,Toyota RAV4,3,2023,Mid-range,SUV,Gasoline,2.0L,Automatic,14,960,27,40,218,Arizona,65+,Ride-sharing
This Toyota Corolla has fantastic Toyota Corolla features. Couldn't be happier with this purchase. The Toyota is worth every penny. The safety is class-leading and impressive. Still early in ownership but so far so good.,Toyota Corolla,5,2024,Budget,Sedan,Gasoline,3.0L,Automatic,5,673,31,43,149,Massachusetts,25-34,Family
Solid Volkswagen Atlas with some drawbacks. The Volkswagen Atlas is reliable but lacks excitement. Volkswagen gets the job done without complaints. The technology is good but the quality needs work.,Volkswagen Atlas,3,2024,Luxury,Hatchback,Gasoline,2.0L,Automatic,12,2272,20,31,447,Illinois,45-54,Family
The Lexus ES is absolutely incredible. Lexus ES exceeds all expectations. The Lexus delivers amazing reliability performance. I highly recommend this vehicle. The reliability is class-leading and impressive.,Lexus ES,4,2024,Luxury,Sedan,Gasoline,2.0L,Automatic,13,2047,24,29,363,Michigan,25-34,Luxury
I love my Jeep Renegade! The Jeep Renegade is perfect for Jeep driving. The design has been trouble-free and business never fails to impress me. The design is class-leading and impressive.,Jeep Renegade,5,2024,Luxury,Sedan,Gasoline,2.0L,Automatic,14,1362,25,27,378,Tennessee,45-54,Business
Solid Mercedes S-Class with some drawbacks. The Mercedes S-Class is reliable but lacks excitement. Mercedes gets the job done without complaints. The design is good but the maintenance costs needs work.,Mercedes S-Class,3,2021,Luxury,Sedan,Gasoline,3.0L,Automatic,36,1618,19,27,362,Tennessee,45-54,Business
The Toyota Highlander handles like a dream. The driving experience is exhilarating. Toyota Highlander is definitely a top performer in its class. The design is class-leading and impressive. Ownership has been trouble-free for 9 months. Still early in ownership but so far so good.,Toyota Highlander,5,2024,Mid-range,SUV,Gasoline,5.0L,Automatic,6,1062,29,30,211,Missouri,35-44,Commuting
This Audi e-tron has fantastic Audi e-tron features. Couldn't be happier with this purchase. The Audi is worth every penny. The comfort is class-leading and impressive. Ownership has been trouble-free for 17 months. Still early in ownership but so far so good.,Audi e-tron,4,2023,Luxury,SUV,Gasoline,2.5L,CVT,8,2065,22,34,263,Missouri,55-64,Business
Best Lexus IS I've ever owned. The Lexus IS makes every drive enjoyable. The Lexus is both powerful and efficient. The technology is class-leading and impressive. Ownership has been trouble-free for 16 months. Still early in ownership but so far so good.,Lexus IS,5,2024,Luxury,Sedan,Gasoline,2.5L,CVT,3,1566,25,34,432,Washington,45-54,Luxury
The BMW M3 is overpriced and underperforms. BMW M3 needs serious improvement. I would not buy this again. The road noise is unacceptable for this price point. Still early in ownership but so far so good.,BMW M3,2,2024,Luxury,Hatchback,Gasoline,3.5L,CVT,8,1975,24,25,446,Colorado,55-64,Family
This Toyota Prius has fantastic Toyota Prius features. Couldn't be happier with this purchase. The Toyota is worth every penny. The performance is class-leading and impressive. Ownership has been trouble-free for 21 months. Still early in ownership but so far so good.,Toyota Prius,4,2023,Mid-range,SUV,Hybrid,2.5L,Automatic,6,734,51,40,199,Michigan,18-24,Delivery
The Ford Escape is absolutely incredible. Ford Escape exceeds all expectations. The Ford delivers amazing reliability performance. I highly recommend this vehicle. The reliability is class-leading and impressive. Ownership has been trouble-free for 44 months. Still early in ownership but so far so good.,Ford Escape,5,2023,Mid-range,SUV,Plug-in Hybrid,1.8L,Automatic,11,1170,25,30,203,Illinois,25-34,Ride-sharing
Best Hyundai Palisade I've ever owned. The Hyundai Palisade makes every drive enjoyable. The Hyundai is both powerful and efficient. The technology is class-leading and impressive. Ownership has been trouble-free for 33 months.,Hyundai Palisade,4,2021,Budget,SUV,Gasoline,2.0L,CVT,60,587,27,42,166,Texas,25-34,Ride-sharing
The Volkswagen ID.4 is a lemon. It has spent too much time in the shop. Volkswagen ID.4 would not recommend to anyone. The maintenance costs is unacceptable for this price point. Been to the dealer 5 times for repairs. Still early in ownership but so far so good.,Volkswagen ID.4,2,2023,Budget,Hatchback,Gasoline,2.5L,CVT,9,656,28,44,127,New York,45-54,Commuting
The Chevrolet Camaro is absolutely incredible. Chevrolet Camaro exceeds all expectations. The Chevrolet delivers amazing value performance. I highly recommend this vehicle. The value is class-leading and impressive. Ownership has been trouble-free for 32 months.,Chevrolet Camaro,4,2024,Mid-range,Sedan,Gasoline,3.0L,CVT,18,784,25,34,204,California,25-34,Delivery
The Toyota Highlander is absolutely incredible. Toyota Highlander exceeds all expectations. The Toyota delivers amazing technology performance. I highly recommend this vehicle. The technology is class-leading and impressive. Still early in ownership but so far so good.,Toyota Highlander,4,2023,Budget,Sedan,Gasoline,5.0L,CVT,11,334,29,39,184,Maryland,35-44,Commuting
Best Lexus GX I've ever owned. The Lexus GX makes every drive enjoyable. The Lexus is both powerful and efficient. The fuel economy is class-leading and impressive. Ownership has been trouble-free for 9 months.,Lexus GX,5,2021,Luxury,Sedan,Gasoline,2.5L,CVT,54,1272,20,32,289,Oregon,45-54,Family
The Volkswagen Golf GTI handles like a dream. The driving experience is exhilarating. Volkswagen Golf GTI is definitely a top performer in its class. The design is class-leading and impressive. Ownership has been trouble-free for 25 months.,Volkswagen Golf GTI,4,2024,Mid-range,Hatchback,Gasoline,2.0L,Automatic,14,667,24,34,183,Georgia,65+,Family
I love my Kia Sorento! The Kia Sorento is perfect for Kia driving. The comfort has been trouble-free and commuting never fails to impress me. The comfort is class-leading and impressive. Ownership has been trouble-free for 36 months.,Kia Sorento,5,2022,Budget,SUV,Gasoline,2.5L,CVT,43,410,33,39,142,New York,35-44,Commuting
Good value for the price. The Nissan Murano could be better but the price makes up for it. Nissan Murano is a reasonable choice. The comfort is good but the quality needs work. Still early in ownership but so far so good.,Nissan Murano,3,2023,Mid-range,Hatchback,Gasoline,2.5L,CVT,7,700,30,40,196,Washington,55-64,Delivery
Best Kia Sorento I've ever owned. The Kia Sorento makes every drive enjoyable. The Kia is both powerful and efficient. The technology is class-leading and impressive. Ownership has been trouble-free for 23 months.,Kia Sorento,5,2024,Budget,SUV,Gasoline,1.5L,Automatic,12,311,34,39,146,Georgia,25-34,Ride-sharing
The Mercedes GLC has both good and bad points. The Mercedes GLC performs well but has some issues. Overall Mercedes is decent but not perfect. The safety is good but the rear seat space needs work.,Mercedes GLC,3,2022,Luxury,SUV,Gasoline,1.5L,Automatic,58,1917,23,29,286,Ohio,45-54,Luxury
The Kia EV6 handles like a dream. The driving experience is exhilarating. Kia EV6 is definitely a top performer in its class. The technology is class-leading and impressive.,Kia EV6,4,2021,Budget,SUV,Gasoline,1.5L,Automatic,48,327,26,41,170,Colorado,45-54,Delivery
This Audi RS5 has fantastic Audi RS5 features. Couldn't be happier with this purchase. The Audi is worth every penny. The fuel economy is class-leading and impressive. Ownership has been trouble-free for 15 months. The electric range is 266 miles. Still early in ownership but so far so good.,Audi RS5,5,2024,Luxury,Hatchback,Electric,0.0L Electric,Automatic (Electric),7,1390,0,0,679,New York,35-44,Family
The Subaru Ascent handles like a dream. The driving experience is exhilarating. Subaru Ascent is definitely a top performer in its class. The reliability is class-leading and impressive.,Subaru Ascent,4,2024,Mid-range,SUV,Gasoline,1.5L,Automatic,18,715,27,37,239,Colorado,25-34,Ride-sharing
I love my BMW 5 Series! The BMW 5 Series is perfect for BMW driving. The design has been trouble-free and business never fails to impress me. The design is class-leading and impressive. Ownership has been trouble-free for 27 months. Still early in ownership but so far so good.,BMW 5 Series,4,2024,Luxury,Sedan,Gasoline,3.0L,CVT,10,2471,21,33,290,Tennessee,35-44,Business
Best Volkswagen Atlas I've ever owned. The Volkswagen Atlas makes every drive enjoyable. The Volkswagen is both powerful and efficient. The design is class-leading and impressive. Ownership has been trouble-free for 44 months.,Volkswagen Atlas,5,2022,Luxury,Sedan,Gasoline,5.0L,CVT,31,2412,25,30,392,New York,45-54,Luxury
I love my Mazda CX-5! The Mazda CX-5 is perfect for Mazda driving. The value has been trouble-free and delivery never fails to impress me. The value is class-leading and impressive. Ownership has been trouble-free for 25 months. Still early in ownership but so far so good.,Mazda CX-5,4,2024,Budget,Sedan,Gasoline,2.0L,Automatic,7,638,27,42,188,Ohio,35-44,Delivery
The Lexus GX is absolutely incredible. Lexus GX exceeds all expectations. The Lexus delivers amazing performance performance. I highly recommend this vehicle. The performance is class-leading and impressive. Ownership has been trouble-free for 28 months. Still early in ownership but so far so good.,Lexus GX,5,2024,Luxury,SUV,Gasoline,2.5L,Automatic,3,2452,24,27,325,Texas,35-44,Family
This BMW 5 Series has fantastic BMW 5 Series features. Couldn't be happier with this purchase. The BMW is worth every penny. The reliability is class-leading and impressive. Ownership has been trouble-free for 29 months.,BMW 5 Series,5,2024,Luxury,Sedan,Gasoline,3.5L,CVT,13,1983,24,31,361,Maryland,25-34,Luxury
Good value for the price. The Volvo XC90 could be better but the price makes up for it. Volvo XC90 is a reasonable choice. The fuel economy is good but the acceleration needs work. Still early in ownership but so far so good.,Volvo XC90,3,2024,Luxury,Hatchback,Gasoline,1.5L,Automatic,3,1494,25,35,361,Illinois,25-34,Family
The Jeep Compass handles like a dream. The driving experience is exhilarating. Jeep Compass is definitely a top performer in its class. The safety is class-leading and impressive. Ownership has been trouble-free for 42 months.,Jeep Compass,5,2024,Mid-range,Hatchback,Gasoline,3.0L,CVT,14,831,24,36,257,California,35-44,Family
The Subaru Ascent is overpriced and underperforms. Subaru Ascent needs serious improvement. I would not buy this again. The acceleration is unacceptable for this price point. Been to the dealer 8 times for repairs.,Subaru Ascent,1,2021,Mid-range,Hatchback,Gasoline,3.5L,CVT,29,745,30,34,239,Missouri,25-34,Commuting
This Honda CR-V has fantastic Honda CR-V features. Couldn't be happier with this purchase. The Honda is worth every penny. The technology is class-leading and impressive. The electric range is 209 miles. Still early in ownership but so far so good.,Honda CR-V,5,2023,Mid-range,SUV,Electric,0.0L Electric,Automatic (Electric),3,1080,0,0,664,Missouri,55-64,Ride-sharing
The Jeep Grand Cherokee is absolutely incredible. Jeep Grand Cherokee exceeds all expectations. The Jeep delivers amazing safety performance. I highly recommend this vehicle. The safety is class-leading and impressive. The electric range is 329 miles. Still early in ownership but so far so good.,Jeep Grand Cherokee,5,2024,Luxury,SUV,Electric,0.0L Electric,Automatic (Electric),8,2373,0,0,252,Ohio,45-54,Family
Best Honda CR-V I've ever owned. The Honda CR-V makes every drive enjoyable. The Honda is both powerful and efficient. The value is class-leading and impressive.,Honda CR-V,5,2022,Budget,SUV,Gasoline,2.5L,Automatic,31,609,27,44,139,Oregon,35-44,Family
The Volkswagen Passat is absolutely incredible. Volkswagen Passat exceeds all expectations. The Volkswagen delivers amazing safety performance. I highly recommend this vehicle. The safety is class-leading and impressive.,Volkswagen Passat,5,2023,Budget,Sedan,Gasoline,2.0L,CVT,16,694,31,38,176,Colorado,25-34,Ride-sharing
The Porsche Panamera is absolutely incredible. Porsche Panamera exceeds all expectations. The Porsche delivers amazing safety performance. I highly recommend this vehicle. The safety is class-leading and impressive.,Porsche Panamera,4,2023,Supercar,Hatchback,Gasoline,3.5L,Automatic,15,4799,17,24,642,Michigan,25-34,Recreation
Best Kia Sorento I've ever owned. The Kia Sorento makes every drive enjoyable. The Kia is both powerful and efficient. The design is class-leading and impressive. Ownership has been trouble-free for 21 months.,Kia Sorento,5,2024,Budget,Sedan,Gasoline,5.0L,CVT,16,612,35,39,162,Michigan,25-34,Commuting
Best Jeep Wrangler I've ever owned. The Jeep Wrangler makes every drive enjoyable. The Jeep is both powerful and efficient. The value is class-leading and impressive. Still early in ownership but so far so good.,Jeep Wrangler,5,2023,Luxury,SUV,Gasoline,2.5L,Automatic,3,1339,18,31,275,Missouri,25-34,Business
Terrible experience with this Audi e-tron. The Audi e-tron has multiple issues and poor build quality. Audi waste of money. The quality is unacceptable for this price point. Been to the dealer 5 times for repairs. Still early in ownership but so far so good.,Audi e-tron,1,2024,Luxury,Sedan,Gasoline,5.0L,Automatic,6,1445,19,34,283,Virginia,45-54,Family
The Hyundai Palisade is absolutely incredible. Hyundai Palisade exceeds all expectations. The Hyundai delivers amazing safety performance. I highly recommend this vehicle. The safety is class-leading and impressive. Still early in ownership but so far so good.,Hyundai Palisade,4,2024,Mid-range,SUV,Gasoline,5.0L,CVT,11,765,23,34,279,Texas,35-44,Ride-sharing
The Honda Civic is absolutely incredible. Honda Civic exceeds all expectations. The Honda delivers amazing safety performance. I highly recommend this vehicle. The safety is class-leading and impressive.,Honda Civic,4,2024,Mid-range,Sedan,Gasoline,1.5L,Automatic,16,823,23,37,271,Michigan,25-34,Commuting
"The Nissan Rogue is adequate for most needs. However, there is room for improvement in Nissan Rogue. The value is good but the quality needs work.",Nissan Rogue,3,2024,Budget,Hatchback,Gasoline,2.0L,CVT,15,594,25,43,182,Tennessee,45-54,Commuting
The Mazda CX-9 is absolutely incredible. Mazda CX-9 exceeds all expectations. The Mazda delivers amazing fuel economy performance. I highly recommend this vehicle. The fuel economy is class-leading and impressive. Ownership has been trouble-free for 17 months.,Mazda CX-9,5,2024,Mid-range,Sedan,Gasoline,2.5L,CVT,12,1010,22,40,262,Florida,35-44,Ride-sharing
Disappointed with the Lexus RX. The Lexus RX has been problematic. Lexus is not worth the money and I regret this purchase. The maintenance costs is unacceptable for this price point.,Lexus RX,1,2023,Luxury,Sedan,Gasoline,3.0L,Automatic,14,2196,19,35,362,Washington,35-44,Luxury
The Volkswagen Atlas is absolutely incredible. Volkswagen Atlas exceeds all expectations. The Volkswagen delivers amazing performance performance. I highly recommend this vehicle. The performance is class-leading and impressive.,Volkswagen Atlas,5,2023,Mid-range,Sedan,Hybrid,2.0L,Automatic,15,721,51,54,206,Maryland,25-34,Family
This Tesla Model X has fantastic Tesla Model X features. Couldn't be happier with this purchase. The Tesla is worth every penny. The reliability is class-leading and impressive. The electric range is 227 miles. Still early in ownership but so far so good.,Tesla Model X,4,2024,Luxury,Sedan,Electric,0.0L Electric,Automatic (Electric),7,1229,0,0,376,Texas,55-64,Luxury
I love my BMW X3! The BMW X3 is perfect for BMW driving. The technology has been trouble-free and family never fails to impress me. The technology is class-leading and impressive.,BMW X3,4,2024,Luxury,SUV,Hybrid,2.0L,CVT,15,1864,48,44,161,Washington,45-54,Family
This Mercedes E-Class has fantastic Mercedes E-Class features. Couldn't be happier with this purchase. The Mercedes is worth every penny. The comfort is class-leading and impressive.,Mercedes E-Class,5,2022,Luxury,Sedan,Gasoline,3.0L,Automatic,26,1473,19,35,406,Virginia,45-54,Luxury
The Honda Odyssey handles like a dream. The driving experience is exhilarating. Honda Odyssey is definitely a top performer in its class. The performance is class-leading and impressive. Still early in ownership but so far so good.,Honda Odyssey,5,2023,Mid-range,SUV,Gasoline,3.0L,Automatic,9,746,26,38,237,Massachusetts,25-34,Family
This Nissan Murano has fantastic Nissan Murano features. Couldn't be happier with this purchase. The Nissan is worth every penny. The value is class-leading and impressive.,Nissan Murano,5,2021,Mid-range,SUV,Gasoline,3.5L,Automatic,36,720,30,31,259,North Carolina,45-54,Family
The BMW X3 is absolutely incredible. BMW X3 exceeds all expectations. The BMW delivers amazing comfort performance. I highly recommend this vehicle. The comfort is class-leading and impressive. Still early in ownership but so far so good.,BMW X3,5,2024,Luxury,SUV,Gasoline,2.0L,Automatic,4,1945,22,28,361,Michigan,35-44,Business
Solid Volkswagen Tiguan with some drawbacks. The Volkswagen Tiguan is reliable but lacks excitement. Volkswagen gets the job done without complaints. The comfort is good but the road noise needs work.,Volkswagen Tiguan,3,2024,Mid-range,Hatchback,Gasoline,2.0L,CVT,13,1029,25,40,221,Arizona,55-64,Ride-sharing
This Volvo XC60 has fantastic Volvo XC60 features. Couldn't be happier with this purchase. The Volvo is worth every penny. The value is class-leading and impressive.,Volvo XC60,5,2023,Luxury,Sedan,Plug-in Hybrid,2.0L,Automatic,16,1496,21,34,366,Colorado,35-44,Luxury
"The Hyundai Elantra is adequate for most needs. However, there is room for improvement in Hyundai Elantra. The value is good but the quality needs work.",Hyundai Elantra,3,2022,Budget,SUV,Gasoline,3.0L,CVT,50,387,30,38,157,Colorado,55-64,Family
I love my Volvo XC60! The Volvo XC60 is perfect for Volvo driving. The performance has been trouble-free and family never fails to impress me. The performance is class-leading and impressive. Ownership has been trouble-free for 8 months. Still early in ownership but so far so good.,Volvo XC60,5,2023,Luxury,Sedan,Gasoline,3.0L,CVT,3,2076,21,28,333,Massachusetts,35-44,Family
I love my Porsche Taycan! The Porsche Taycan is perfect for Porsche driving. The reliability has been trouble-free and recreation never fails to impress me. The reliability is class-leading and impressive.,Porsche Taycan,5,2023,Supercar,SUV,Gasoline,3.0L,Automatic,17,4028,13,19,685,California,45-54,Recreation
Disappointed with the Honda Odyssey. The Honda Odyssey has been problematic. Honda is not worth the money and I regret this purchase. The acceleration is unacceptable for this price point.,Honda Odyssey,1,2024,Budget,Hatchback,Gasoline,3.5L,Automatic,17,537,27,41,143,North Carolina,45-54,Commuting
Best Toyota Corolla I've ever owned. The Toyota Corolla makes every drive enjoyable. The Toyota is both powerful and efficient. The reliability is class-leading and impressive. Ownership has been trouble-free for 10 months.,Toyota Corolla,4,2024,Budget,Hatchback,Gasoline,2.5L,Automatic,14,326,26,41,166,Oregon,35-44,Ride-sharing
The Lexus ES is absolutely incredible. Lexus ES exceeds all expectations. The Lexus delivers amazing comfort performance. I highly recommend this vehicle. The comfort is class-leading and impressive.,Lexus ES,5,2022,Luxury,SUV,Gasoline,1.5L,CVT,37,1661,23,30,318,Missouri,45-54,Business
Best Nissan Altima I've ever owned. The Nissan Altima makes every drive enjoyable. The Nissan is both powerful and efficient. The comfort is class-leading and impressive.,Nissan Altima,4,2024,Mid-range,Hatchback,Gasoline,3.5L,CVT,17,976,23,33,238,Florida,25-34,Family
The BMW X3 is absolutely incredible. BMW X3 exceeds all expectations. The BMW delivers amazing safety performance. I highly recommend this vehicle. The safety is class-leading and impressive.,BMW X3,5,2023,Luxury,SUV,Gasoline,5.0L,Automatic,12,2053,20,32,338,Massachusetts,35-44,Family
I love my Ford Edge! The Ford Edge is perfect for Ford driving. The safety has been trouble-free and ride-sharing never fails to impress me. The safety is class-leading and impressive.,Ford Edge,5,2023,Mid-range,SUV,Gasoline,5.0L,CVT,18,1142,30,37,238,Ohio,35-44,Ride-sharing
The Hyundai Santa Fe is absolutely incredible. Hyundai Santa Fe exceeds all expectations. The Hyundai delivers amazing technology performance. I highly recommend this vehicle. The technology is class-leading and impressive.,Hyundai Santa Fe,5,2021,Mid-range,SUV,Gasoline,2.0L,Automatic,58,892,24,32,270,Illinois,25-34,Commuting
This Chevrolet Camaro has fantastic Chevrolet Camaro features. Couldn't be happier with this purchase. The Chevrolet is worth every penny. The reliability is class-leading and impressive. Ownership has been trouble-free for 15 months.,Chevrolet Camaro,4,2022,Luxury,Sedan,Gasoline,2.5L,Automatic,47,2118,20,33,327,New York,55-64,Business
Best Tesla Model 3 I've ever owned. The Tesla Model 3 makes every drive enjoyable. The Tesla is both powerful and efficient. The comfort is class-leading and impressive. The electric range is 210 miles.,Tesla Model 3,5,2023,Mid-range,Sedan,Electric,0.0L Electric,Automatic (Electric),12,1085,0,0,496,Illinois,45-54,Delivery
Best Mercedes C-Class I've ever owned. The Mercedes C-Class makes every drive enjoyable. The Mercedes is both powerful and efficient. The value is class-leading and impressive.,Mercedes C-Class,5,2022,Luxury,Sedan,Gasoline,2.0L,CVT,46,1389,23,25,405,Washington,35-44,Luxury
The Porsche 911 is absolutely incredible. Porsche 911 exceeds all expectations. The Porsche delivers amazing safety performance. I highly recommend this vehicle. The safety is class-leading and impressive. Still early in ownership but so far so good.,Porsche 911,5,2024,Supercar,Coupe,Gasoline,3.0L,CVT,4,4731,14,24,475,Massachusetts,35-44,Recreation
I love my Porsche 911! The Porsche 911 is perfect for Porsche driving. The value has been trouble-free and enthusiast never fails to impress me. The value is class-leading and impressive.,Porsche 911,5,2021,Supercar,Coupe,Gasoline,5.0L,CVT,52,3182,13,24,612,Illinois,45-54,Enthusiast
Best Volkswagen Jetta I've ever owned. The Volkswagen Jetta makes every drive enjoyable. The Volkswagen is both powerful and efficient. The fuel economy is class-leading and impressive. Ownership has been trouble-free for 25 months.,Volkswagen Jetta,5,2021,Luxury,SUV,Gasoline,3.0L,CVT,50,1558,25,34,443,Illinois,25-34,Business
I love my Lexus IS! The Lexus IS is perfect for Lexus driving. The performance has been trouble-free and business never fails to impress me. The performance is class-leading and impressive. Ownership has been trouble-free for 37 months. Still early in ownership but so far so good.,Lexus IS,4,2023,Luxury,SUV,Gasoline,1.5L,Automatic,11,1814,25,26,417,Ohio,35-44,Business
I love my Honda Civic! The Honda Civic is perfect for Honda driving. The technology has been trouble-free and commuting never fails to impress me. The technology is class-leading and impressive. Ownership has been trouble-free for 14 months. Still early in ownership but so far so good.,Honda Civic,5,2023,Mid-range,Sedan,Gasoline,2.5L,CVT,6,982,30,39,182,Michigan,25-34,Commuting
The Subaru Crosstrek has both good and bad points. The Subaru Crosstrek performs well but has some issues. Overall Subaru is decent but not perfect. The reliability is good but the rear seat space needs work.,Subaru Crosstrek,3,2022,Mid-range,Hatchback,Gasoline,2.5L,Automatic,42,898,30,40,189,Missouri,35-44,Family
This Kia K5 has fantastic Kia K5 features. Couldn't be happier with this purchase. The Kia is worth every penny. The design is class-leading and impressive. Ownership has been trouble-free for 16 months. Still early in ownership but so far so good.,Kia K5,5,2024,Mid-range,SUV,Gasoline,5.0L,CVT,6,1147,27,32,181,Illinois,35-44,Ride-sharing
The BMW 3 Series excels at some things but fails at others. It's a BMW 3 Series that compromises on BMW. The reliability is good but the maintenance costs needs work.,BMW 3 Series,3,2023,Luxury,Sedan,Gasoline,3.5L,Automatic,16,2143,19,26,283,California,45-54,Business
This Jeep Grand Cherokee has fantastic Jeep Grand Cherokee features. Couldn't be happier with this purchase. The Jeep is worth every penny. The comfort is class-leading and impressive. Still early in ownership but so far so good.,Jeep Grand Cherokee,4,2024,Budget,Hatchback,Gasoline,5.0L,Automatic,10,365,27,38,159,Illinois,25-34,Commuting
The Nissan Altima is absolutely incredible. Nissan Altima exceeds all expectations. The Nissan delivers amazing value performance. I highly recommend this vehicle. The value is class-leading and impressive. Ownership has been trouble-free for 17 months.,Nissan Altima,5,2021,Budget,Sedan,Gasoline,3.5L,Automatic,54,360,29,35,128,Ohio,45-54,Commuting
Poor quality and unreliable. The Subaru Forester lacks basic features. Subaru Forester has been frustrating to own. The rear seat space is unacceptable for this price point.,Subaru Forester,1,2022,Mid-range,Hatchback,Gasoline,2.0L,Automatic,56,1183,23,31,254,California,45-54,Family
The Honda HR-V is absolutely incredible. Honda HR-V exceeds all expectations. The Honda delivers amazing technology performance. I highly recommend this vehicle. The technology is class-leading and impressive. Still early in ownership but so far so good.,Honda HR-V,5,2024,Mid-range,SUV,Gasoline,2.0L,CVT,6,785,27,36,234,Washington,35-44,Delivery
Good value for the price. The Volkswagen Golf GTI could be better but the price makes up for it. Volkswagen Golf GTI is a reasonable choice. The value is good but the rear seat space needs work.,Volkswagen Golf GTI,3,2024,Luxury,Hatchback,Gasoline,1.5L,Manual,13,2211,19,31,322,Oregon,45-54,Business
The Mazda CX-30 is absolutely incredible. Mazda CX-30 exceeds all expectations. The Mazda delivers amazing reliability performance. I highly recommend this vehicle. The reliability is class-leading and impressive. Still early in ownership but so far so good.,Mazda CX-30,4,2024,Budget,Sedan,Gasoline,3.0L,CVT,8,306,35,42,133,Virginia,35-44,Commuting
The Jeep Wrangler handles like a dream. The driving experience is exhilarating. Jeep Wrangler is definitely a top performer in its class. The safety is class-leading and impressive. Ownership has been trouble-free for 28 months. Still early in ownership but so far so good.,Jeep Wrangler,5,2024,Budget,SUV,Gasoline,2.0L,CVT,9,604,31,36,149,Massachusetts,45-54,Ride-sharing
The Porsche 718 is absolutely incredible. Porsche 718 exceeds all expectations. The Porsche delivers amazing comfort performance. I highly recommend this vehicle. The comfort is class-leading and impressive. Still early in ownership but so far so good.,Porsche 718,5,2024,Supercar,SUV,Gasoline,2.0L,CVT,6,2500,14,25,654,Arizona,35-44,Enthusiast
I love my Honda Civic! The Honda Civic is perfect for Honda driving. The safety has been trouble-free and delivery never fails to impress me. The safety is class-leading and impressive.,Honda Civic,4,2021,Budget,Sedan,Gasoline,2.5L,Automatic,43,618,34,36,129,Missouri,45-54,Delivery
"The Nissan Leaf is adequate for most needs. However, there is room for improvement in Nissan Leaf. The safety is good but the acceleration needs work.",Nissan Leaf,3,2023,Luxury,Hatchback,Hybrid,2.0L,Automatic,15,2121,55,52,176,Oregon,25-34,Luxury
Best Audi A4 I've ever owned. The Audi A4 makes every drive enjoyable. The Audi is both powerful and efficient. The fuel economy is class-leading and impressive. Ownership has been trouble-free for 45 months.,Audi A4,4,2022,Luxury,Hatchback,Gasoline,1.5L,CVT,59,2304,25,32,393,Colorado,35-44,Business
Best Subaru Crosstrek I've ever owned. The Subaru Crosstrek makes every drive enjoyable. The Subaru is both powerful and efficient. The design is class-leading and impressive.,Subaru Crosstrek,5,2022,Budget,Sedan,Gasoline,2.0L,CVT,46,679,34,35,163,Virginia,25-34,Ride-sharing
Good value for the price. The Chevrolet Malibu could be better but the price makes up for it. Chevrolet Malibu is a reasonable choice. The design is good but the infotainment needs work. Still early in ownership but so far so good.,Chevrolet Malibu,3,2024,Luxury,Sedan,Gasoline,1.5L,CVT,6,1891,20,25,387,Georgia,25-34,Family
Best Tesla Model X I've ever owned. The Tesla Model X makes every drive enjoyable. The Tesla is both powerful and efficient. The fuel economy is class-leading and impressive. Ownership has been trouble-free for 48 months. The electric range is 286 miles.,Tesla Model X,5,2023,Mid-range,SUV,Electric,0.0L Electric,Automatic (Electric),15,930,0,0,300,Tennessee,25-34,Family
The Audi A4 is absolutely incredible. Audi A4 exceeds all expectations. The Audi delivers amazing comfort performance. I highly recommend this vehicle. The comfort is class-leading and impressive. Still early in ownership but so far so good.,Audi A4,5,2023,Luxury,SUV,Gasoline,5.0L,Automatic,9,1788,22,25,326,Virginia,45-54,Family
The Honda Civic handles like a dream. The driving experience is exhilarating. Honda Civic is definitely a top performer in its class. The reliability is class-leading and impressive. Ownership has been trouble-free for 39 months.,Honda Civic,4,2023,Mid-range,Sedan,Gasoline,1.5L,CVT,12,1043,30,35,205,Massachusetts,35-44,Delivery
I love my Audi Q7! The Audi Q7 is perfect for Audi driving. The safety has been trouble-free and luxury never fails to impress me. The safety is class-leading and impressive.,Audi Q7,5,2022,Luxury,Hatchback,Gasoline,2.5L,CVT,60,2483,18,33,301,North Carolina,35-44,Luxury
This Toyota Tundra has fantastic Toyota Tundra features. Couldn't be happier with this purchase. The Toyota is worth every penny. The fuel economy is class-leading and impressive. Ownership has been trouble-free for 33 months.,Toyota Tundra,5,2024,Mid-range,SUV,Gasoline,2.5L,Automatic,15,844,23,32,204,California,25-34,Ride-sharing
The Toyota RAV4 has both good and bad points. The Toyota RAV4 performs well but has some issues. Overall Toyota is decent but not perfect. The design is good but the infotainment needs work.,Toyota RAV4,3,2022,Budget,SUV,Gasoline,2.5L,Automatic,26,669,32,35,127,Florida,35-44,Ride-sharing
I love my Honda Odyssey! The Honda Odyssey is perfect for Honda driving. The design has been trouble-free and delivery never fails to impress me. The design is class-leading and impressive. Still early in ownership but so far so good.,Honda Odyssey,4,2024,Budget,Sedan,Gasoline,5.0L,Automatic,11,554,26,38,135,Georgia,35-44,Delivery
Solid Audi A6 with some drawbacks. The Audi A6 is reliable but lacks excitement. Audi gets the job done without complaints. The safety is good but the road noise needs work.,Audi A6,3,2022,Luxury,SUV,Gasoline,3.5L,Automatic,55,2292,23,26,331,Maryland,45-54,Family
The Subaru Impreza is absolutely incredible. Subaru Impreza exceeds all expectations. The Subaru delivers amazing value performance. I highly recommend this vehicle. The value is class-leading and impressive. Still early in ownership but so far so good.,Subaru Impreza,4,2023,Mid-range,Sedan,Gasoline,3.5L,Automatic,4,845,26,38,229,Ohio,35-44,Ride-sharing
The Mazda Mazda6 is absolutely incredible. Mazda Mazda6 exceeds all expectations. The Mazda delivers amazing fuel economy performance. I highly recommend this vehicle. The fuel economy is class-leading and impressive. Ownership has been trouble-free for 27 months. Still early in ownership but so far so good.,Mazda Mazda6,5,2024,Mid-range,Sedan,Gasoline,2.0L,CVT,9,764,29,40,220,Massachusetts,45-54,Ride-sharing
I love my Volvo S60! The Volvo S60 is perfect for Volvo driving. The fuel economy has been trouble-free and family never fails to impress me. The fuel economy is class-leading and impressive.,Volvo S60,5,2024,Luxury,Sedan,Gasoline,3.5L,Automatic,14,2061,23,32,427,California,45-54,Family
The Mazda MX-5 Miata excels at some things but fails at others. It's a Mazda MX-5 Miata that compromises on Mazda. The value is good but the quality needs work.,Mazda MX-5 Miata,3,2023,Budget,Sedan,Gasoline,3.5L,Automatic,16,463,32,42,137,Michigan,35-44,Ride-sharing
The Volvo XC60 is absolutely incredible. Volvo XC60 exceeds all expectations. The Volvo delivers amazing design performance. I highly recommend this vehicle. The design is class-leading and impressive. Still early in ownership but so far so good.,Volvo XC60,4,2023,Luxury,SUV,Gasoline,3.5L,Automatic,3,1247,21,26,368,Washington,25-34,Luxury
The Chevrolet Camaro excels at some things but fails at others. It's a Chevrolet Camaro that compromises on Chevrolet. The fuel economy is good but the maintenance costs needs work.,Chevrolet Camaro,3,2024,Budget,Hatchback,Gasoline,5.0L,CVT,17,644,32,36,148,Washington,35-44,Ride-sharing
The BMW M4 handles like a dream. The driving experience is exhilarating. BMW M4 is definitely a top performer in its class. The fuel economy is class-leading and impressive.,BMW M4,4,2022,Luxury,Sedan,Gasoline,2.5L,Automatic,50,1569,24,27,257,Ohio,55-64,Luxury
Poor quality and unreliable. The Porsche Macan lacks basic features. Porsche Macan has been frustrating to own. The maintenance costs is unacceptable for this price point. Been to the dealer 7 times for repairs.,Porsche Macan,2,2023,Supercar,SUV,Gasoline,3.0L,Automatic,15,4901,15,22,437,New York,45-54,Enthusiast
Best Jeep Cherokee I've ever owned. The Jeep Cherokee makes every drive enjoyable. The Jeep is both powerful and efficient. The fuel economy is class-leading and impressive.,Jeep Cherokee,5,2024,Budget,SUV,Gasoline,3.0L,CVT,15,643,30,37,125,Colorado,25-34,Delivery
I love my Volkswagen Passat! The Volkswagen Passat is perfect for Volkswagen driving. The technology has been trouble-free and delivery never fails to impress me. The technology is class-leading and impressive. Ownership has been trouble-free for 15 months.,Volkswagen Passat,4,2022,Mid-range,Sedan,Gasoline,3.0L,CVT,47,1040,26,34,258,Michigan,35-44,Delivery
The Lexus RX is absolutely incredible. Lexus RX exceeds all expectations. The Lexus delivers amazing fuel economy performance. I highly recommend this vehicle. The fuel economy is class-leading and impressive. Ownership has been trouble-free for 41 months. Still early in ownership but so far so good.,Lexus RX,5,2024,Luxury,SUV,Hybrid,1.8L,Automatic,8,1273,60,48,140,Oregon,35-44,Business
The Nissan Altima handles like a dream. The driving experience is exhilarating. Nissan Altima is definitely a top performer in its class. The reliability is class-leading and impressive. Ownership has been trouble-free for 21 months.,Nissan Altima,4,2022,Luxury,Sedan,Gasoline,1.5L,Automatic,42,1569,20,33,319,Washington,35-44,Luxury
This Nissan Murano has fantastic Nissan Murano features. Couldn't be happier with this purchase. The Nissan is worth every penny. The fuel economy is class-leading and impressive. Ownership has been trouble-free for 44 months.,Nissan Murano,5,2024,Budget,SUV,Gasoline,5.0L,Automatic,15,491,34,36,161,Illinois,18-24,Delivery
Best Tesla Model 3 I've ever owned. The Tesla Model 3 makes every drive enjoyable. The Tesla is both powerful and efficient. The performance is class-leading and impressive. The electric range is 297 miles.,Tesla Model 3,4,2021,Mid-range,Sedan,Electric,0.0L Electric,Automatic (Electric),60,732,0,0,416,Texas,45-54,Ride-sharing
The Honda Odyssey handles like a dream. The driving experience is exhilarating. Honda Odyssey is definitely a top performer in its class. The reliability is class-leading and impressive. Ownership has been trouble-free for 29 months.,Honda Odyssey,4,2022,Mid-range,Sedan,Hybrid,1.8L,CVT,49,891,49,43,158,Tennessee,45-54,Ride-sharing
The Nissan Maxima has both good and bad points. The Nissan Maxima performs well but has some issues. Overall Nissan is decent but not perfect. The technology is good but the maintenance costs needs work. Still early in ownership but so far so good.,Nissan Maxima,3,2023,Mid-range,SUV,Gasoline,3.5L,CVT,5,1032,27,39,203,Massachusetts,45-54,Commuting
Best Ford Bronco I've ever owned. The Ford Bronco makes every drive enjoyable. The Ford is both powerful and efficient. The value is class-leading and impressive.,Ford Bronco,5,2024,Mid-range,Hatchback,Gasoline,3.5L,Automatic,12,1079,28,31,241,Ohio,25-34,Family
Disappointed with the Lexus GX. The Lexus GX has been problematic. Lexus is not worth the money and I regret this purchase. The quality is unacceptable for this price point. Been to the dealer 6 times for repairs.,Lexus GX,1,2021,Luxury,Sedan,Gasoline,3.5L,CVT,50,1393,25,35,434,Michigan,45-54,Family
I love my Audi Q5! The Audi Q5 is perfect for Audi driving. The reliability has been trouble-free and luxury never fails to impress me. The reliability is class-leading and impressive. Ownership has been trouble-free for 44 months.,Audi Q5,5,2024,Luxury,Sedan,Gasoline,5.0L,CVT,13,2402,25,35,365,Michigan,35-44,Luxury
This Chevrolet Camaro has fantastic Chevrolet Camaro features. Couldn't be happier with this purchase. The Chevrolet is worth every penny. The safety is class-leading and impressive.,Chevrolet Camaro,5,2022,Luxury,Sedan,Hybrid,1.8L,Automatic,54,2142,57,55,158,North Carolina,45-54,Family
"The Tesla Model S is adequate for most needs. However, there is room for improvement in Tesla Model S. The value is good but the quality needs work. The electric range is 277 miles. Still early in ownership but so far so good.",Tesla Model S,3,2024,Luxury,Sedan,Electric,0.0L Electric,Automatic (Electric),9,2185,0,0,348,Arizona,45-54,Family
The Porsche Panamera has both good and bad points. The Porsche Panamera performs well but has some issues. Overall Porsche is decent but not perfect. The technology is good but the quality needs work.,Porsche Panamera,3,2023,Supercar,Sedan,Gasoline,2.0L,CVT,18,3931,12,25,699,Arizona,35-44,Recreation
The BMW 3 Series handles like a dream. The driving experience is exhilarating. BMW 3 Series is definitely a top performer in its class. The performance is class-leading and impressive. Ownership has been trouble-free for 41 months. Still early in ownership but so far so good.,BMW 3 Series,5,2024,Luxury,Sedan,Gasoline,5.0L,CVT,4,2198,24,32,381,Tennessee,25-34,Luxury
Solid Toyota Tundra with some drawbacks. The Toyota Tundra is reliable but lacks excitement. Toyota gets the job done without complaints. The value is good but the rear seat space needs work.,Toyota Tundra,3,2024,Mid-range,Sedan,Gasoline,5.0L,CVT,17,1046,22,32,216,Washington,45-54,Delivery
This Kia EV6 has fantastic Kia EV6 features. Couldn't be happier with this purchase. The Kia is worth every penny. The reliability is class-leading and impressive.,Kia EV6,5,2024,Mid-range,Sedan,Gasoline,5.0L,CVT,16,968,29,32,259,Washington,25-34,Commuting
The Jeep Compass is absolutely incredible. Jeep Compass exceeds all expectations. The Jeep delivers amazing technology performance. I highly recommend this vehicle. The technology is class-leading and impressive. Still early in ownership but so far so good.,Jeep Compass,4,2024,Mid-range,SUV,Gasoline,3.5L,Automatic,3,967,26,35,266,Colorado,25-34,Commuting
The Ford Bronco has both good and bad points. The Ford Bronco performs well but has some issues. Overall Ford is decent but not perfect. The comfort is good but the rear seat space needs work.,Ford Bronco,3,2022,Mid-range,SUV,Gasoline,1.5L,CVT,33,1127,23,30,236,Oregon,65+,Commuting
I love my Toyota Highlander! The Toyota Highlander is perfect for Toyota driving. The comfort has been trouble-free and ride-sharing never fails to impress me. The comfort is class-leading and impressive.,Toyota Highlander,4,2022,Budget,Sedan,Gasoline,2.0L,CVT,52,690,33,42,132,Illinois,35-44,Ride-sharing
This Volvo XC60 has fantastic Volvo XC60 features. Couldn't be happier with this purchase. The Volvo is worth every penny. The value is class-leading and impressive. Ownership has been trouble-free for 32 months.,Volvo XC60,5,2021,Luxury,SUV,Gasoline,3.5L,Automatic,29,1744,23,31,342,Arizona,25-34,Family
The Mazda CX-30 is absolutely incredible. Mazda CX-30 exceeds all expectations. The Mazda delivers amazing reliability performance. I highly recommend this vehicle. The reliability is class-leading and impressive. Still early in ownership but so far so good.,Mazda CX-30,5,2024,Mid-range,Sedan,Gasoline,1.5L,Automatic,5,946,27,36,278,Colorado,35-44,Delivery
This Genesis GV70 has fantastic Genesis GV70 features. Couldn't be happier with this purchase. The Genesis is worth every penny. The fuel economy is class-leading and impressive.,Genesis GV70,5,2024,Luxury,Hatchback,Gasoline,3.0L,CVT,12,1842,23,25,321,Missouri,35-44,Luxury
The Volkswagen Atlas handles like a dream. The driving experience is exhilarating. Volkswagen Atlas is definitely a top performer in its class. The safety is class-leading and impressive. Still early in ownership but so far so good.,Volkswagen Atlas,5,2024,Mid-range,Hatchback,Gasoline,5.0L,CVT,9,908,23,30,248,Georgia,35-44,Family
The Lexus RX handles like a dream. The driving experience is exhilarating. Lexus RX is definitely a top performer in its class. The technology is class-leading and impressive. Still early in ownership but so far so good.,Lexus RX,4,2023,Luxury,Hatchback,Gasoline,1.5L,CVT,10,1822,24,33,278,Texas,45-54,Business
I love my BMW M3! The BMW M3 is perfect for BMW driving. The comfort has been trouble-free and family never fails to impress me. The comfort is class-leading and impressive. Ownership has been trouble-free for 18 months.,BMW M3,4,2023,Luxury,Sedan,Gasoline,2.0L,Automatic,14,1812,22,35,450,Illinois,45-54,Family
The Subaru Impreza handles like a dream. The driving experience is exhilarating. Subaru Impreza is definitely a top performer in its class. The design is class-leading and impressive. Ownership has been trouble-free for 46 months.,Subaru Impreza,4,2022,Mid-range,SUV,Gasoline,1.5L,CVT,32,1087,25,37,189,North Carolina,45-54,Delivery
The Volvo S60 handles like a dream. The driving experience is exhilarating. Volvo S60 is definitely a top performer in its class. The comfort is class-leading and impressive. Still early in ownership but so far so good.,Volvo S60,5,2024,Luxury,SUV,Gasoline,3.0L,Automatic,7,2235,20,32,432,Oregon,25-34,Family
Poor quality and unreliable. The Porsche Taycan lacks basic features. Porsche Taycan has been frustrating to own. The infotainment is unacceptable for this price point.,Porsche Taycan,1,2022,Supercar,Hatchback,Gasoline,1.5L,CVT,31,2495,14,22,420,Missouri,35-44,Recreation
This Toyota Camry has fantastic Toyota Camry features. Couldn't be happier with this purchase. The Toyota is worth every penny. The fuel economy is class-leading and impressive.,Toyota Camry,5,2022,Mid-range,Sedan,Gasoline,2.5L,CVT,37,787,29,30,195,Maryland,35-44,Commuting
The Porsche Cayenne is absolutely incredible. Porsche Cayenne exceeds all expectations. The Porsche delivers amazing design performance. I highly recommend this vehicle. The design is class-leading and impressive. Still early in ownership but so far so good.,Porsche Cayenne,5,2024,Supercar,SUV,Gasoline,3.5L,Automatic,7,4067,17,25,630,Oregon,25-34,Recreation
I love my Mazda Mazda6! The Mazda Mazda6 is perfect for Mazda driving. The performance has been trouble-free and commuting never fails to impress me. The performance is class-leading and impressive. Ownership has been trouble-free for 36 months.,Mazda Mazda6,4,2021,Mid-range,Hatchback,Gasoline,1.5L,Automatic,25,1185,26,38,262,New York,35-44,Commuting
This Nissan Murano has fantastic Nissan Murano features. Couldn't be happier with this purchase. The Nissan is worth every penny. The performance is class-leading and impressive.,Nissan Murano,5,2022,Luxury,Sedan,Gasoline,2.5L,Automatic,39,2386,25,26,386,Georgia,35-44,Luxury
The Volvo XC60 is overpriced and underperforms. Volvo XC60 needs serious improvement. I would not buy this again. The rear seat space is unacceptable for this price point. Been to the dealer 4 times for repairs. Still early in ownership but so far so good.,Volvo XC60,1,2023,Luxury,SUV,Gasoline,1.5L,Automatic,8,1784,20,27,315,Florida,35-44,Business
The Toyota Camry is absolutely incredible. Toyota Camry exceeds all expectations. The Toyota delivers amazing safety performance. I highly recommend this vehicle. The safety is class-leading and impressive.,Toyota Camry,5,2022,Budget,Sedan,Gasoline,2.5L,CVT,48,361,25,38,150,Arizona,35-44,Delivery
The Lexus RX handles like a dream. The driving experience is exhilarating. Lexus RX is definitely a top performer in its class. The value is class-leading and impressive. Still early in ownership but so far so good.,Lexus RX,4,2023,Luxury,SUV,Gasoline,1.5L,CVT,6,1704,20,29,395,Massachusetts,35-44,Family
Best Audi A4 I've ever owned. The Audi A4 makes every drive enjoyable. The Audi is both powerful and efficient. The safety is class-leading and impressive. Still early in ownership but so far so good.,Audi A4,5,2023,Luxury,SUV,Gasoline,3.5L,CVT,4,1202,25,34,324,Colorado,18-24,Business
I love my Subaru Forester! The Subaru Forester is perfect for Subaru driving. The technology has been trouble-free and delivery never fails to impress me. The technology is class-leading and impressive. Ownership has been trouble-free for 46 months.,Subaru Forester,5,2022,Mid-range,Sedan,Gasoline,3.5L,Automatic,43,691,28,31,197,Maryland,65+,Delivery
The Chevrolet Camaro handles like a dream. The driving experience is exhilarating. Chevrolet Camaro is definitely a top performer in its class. The fuel economy is class-leading and impressive. Ownership has been trouble-free for 17 months. Still early in ownership but so far so good.,Chevrolet Camaro,5,2024,Mid-range,Sedan,Gasoline,2.5L,CVT,9,1070,27,30,268,Illinois,35-44,Commuting
The Volvo XC60 handles like a dream. The driving experience is exhilarating. Volvo XC60 is definitely a top performer in its class. The technology is class-leading and impressive. Still early in ownership but so far so good.,Volvo XC60,4,2024,Luxury,SUV,Gasoline,3.5L,Automatic,5,2303,18,35,363,New York,35-44,Business
The Tesla Model Y excels at some things but fails at others. It's a Tesla Model Y that compromises on Tesla. The value is good but the quality needs work. The electric range is 277 miles. Still early in ownership but so far so good.,Tesla Model Y,3,2023,Luxury,SUV,Electric,0.0L Electric,Automatic (Electric),3,1653,0,0,220,Michigan,45-54,Family
"The Ford Escape is adequate for most needs. However, there is room for improvement in Ford Escape. The reliability is good but the quality needs work. Still early in ownership but so far so good.",Ford Escape,3,2023,Mid-range,Sedan,Gasoline,5.0L,Automatic,3,800,28,31,215,Missouri,45-54,Family
Good value for the price. The Jeep Wrangler could be better but the price makes up for it. Jeep Wrangler is a reasonable choice. The performance is good but the infotainment needs work.,Jeep Wrangler,3,2021,Mid-range,SUV,Gasoline,3.5L,CVT,36,623,30,39,212,Maryland,55-64,Commuting
This Volvo S90 has fantastic Volvo S90 features. Couldn't be happier with this purchase. The Volvo is worth every penny. The technology is class-leading and impressive.,Volvo S90,5,2023,Luxury,Sedan,Gasoline,3.0L,CVT,14,2259,18,28,262,Michigan,55-64,Family
Disappointed with the Kia EV6. The Kia EV6 has been problematic. Kia is not worth the money and I regret this purchase. The maintenance costs is unacceptable for this price point. Been to the dealer 7 times for repairs. Still early in ownership but so far so good.,Kia EV6,2,2023,Budget,Hatchback,Gasoline,5.0L,CVT,5,427,28,37,162,Ohio,25-34,Commuting
This Genesis G80 has fantastic Genesis G80 features. Couldn't be happier with this purchase. The Genesis is worth every penny. The comfort is class-leading and impressive. Ownership has been trouble-free for 8 months. Still early in ownership but so far so good.,Genesis G80,5,2024,Luxury,Sedan,Gasoline,2.0L,CVT,4,1883,21,26,448,Oregon,45-54,Family
The Mazda CX-5 handles like a dream. The driving experience is exhilarating. Mazda CX-5 is definitely a top performer in its class. The performance is class-leading and impressive. Ownership has been trouble-free for 31 months. The electric range is 224 miles. Still early in ownership but so far so good.,Mazda CX-5,4,2024,Budget,Sedan,Electric,0.0L Electric,Automatic (Electric),4,454,0,0,642,Florida,25-34,Commuting
The Genesis G70 is absolutely incredible. Genesis G70 exceeds all expectations. The Genesis delivers amazing fuel economy performance. I highly recommend this vehicle. The fuel economy is class-leading and impressive.,Genesis G70,5,2022,Luxury,Hatchback,Gasoline,3.5L,Automatic,53,1986,25,31,408,New York,35-44,Family
Disappointed with the Audi e-tron. The Audi e-tron has been problematic. Audi is not worth the money and I regret this purchase. The road noise is unacceptable for this price point.,Audi e-tron,2,2021,Luxury,Hatchback,Hybrid,2.5L,Automatic,56,1724,56,53,181,Oregon,35-44,Luxury
The Volvo V60 handles like a dream. The driving experience is exhilarating. Volvo V60 is definitely a top performer in its class. The reliability is class-leading and impressive. Still early in ownership but so far so good.,Volvo V60,4,2024,Luxury,SUV,Gasoline,3.5L,Automatic,7,2161,22,34,337,Ohio,35-44,Luxury
The Lexus ES handles like a dream. The driving experience is exhilarating. Lexus ES is definitely a top performer in its class. The technology is class-leading and impressive. Still early in ownership but so far so good.,Lexus ES,5,2023,Luxury,Sedan,Gasoline,5.0L,Automatic,5,1899,21,35,371,Oregon,35-44,Business
Good value for the price. The Kia Stinger could be better but the price makes up for it. Kia Stinger is a reasonable choice. The value is good but the maintenance costs needs work. Still early in ownership but so far so good.,Kia Stinger,3,2023,Budget,SUV,Gasoline,1.5L,Automatic,10,538,34,38,150,Tennessee,55-64,Ride-sharing
I love my Audi Q7! The Audi Q7 is perfect for Audi driving. The value has been trouble-free and luxury never fails to impress me. The value is class-leading and impressive.,Audi Q7,5,2021,Luxury,Sedan,Hybrid,2.5L,Automatic,33,1795,59,46,200,North Carolina,18-24,Luxury
Best Chevrolet Camaro I've ever owned. The Chevrolet Camaro makes every drive enjoyable. The Chevrolet is both powerful and efficient. The value is class-leading and impressive. Still early in ownership but so far so good.,Chevrolet Camaro,5,2023,Luxury,Sedan,Gasoline,1.5L,Automatic,11,1407,18,35,285,Virginia,45-54,Luxury
The Subaru WRX is absolutely incredible. Subaru WRX exceeds all expectations. The Subaru delivers amazing value performance. I highly recommend this vehicle. The value is class-leading and impressive. Still early in ownership but so far so good.,Subaru WRX,5,2024,Mid-range,Hatchback,Hybrid,1.8L,Automatic,9,1145,57,51,160,Massachusetts,55-64,Family
The Mercedes GLC handles like a dream. The driving experience is exhilarating. Mercedes GLC is definitely a top performer in its class. The technology is class-leading and impressive. Ownership has been trouble-free for 17 months.,Mercedes GLC,4,2021,Luxury,SUV,Gasoline,3.5L,CVT,37,1366,25,35,407,Florida,25-34,Business
This Kia Sportage has fantastic Kia Sportage features. Couldn't be happier with this purchase. The Kia is worth every penny. The value is class-leading and impressive.,Kia Sportage,5,2023,Mid-range,Hatchback,Gasoline,3.0L,CVT,15,1197,22,33,208,Washington,35-44,Family
This Mazda CX-5 has fantastic Mazda CX-5 features. Couldn't be happier with this purchase. The Mazda is worth every penny. The fuel economy is class-leading and impressive.,Mazda CX-5,5,2024,Mid-range,SUV,Gasoline,2.0L,Automatic,12,1055,30,35,209,Texas,35-44,Ride-sharing
Best Subaru Ascent I've ever owned. The Subaru Ascent makes every drive enjoyable. The Subaru is both powerful and efficient. The value is class-leading and impressive. Still early in ownership but so far so good.,Subaru Ascent,5,2023,Mid-range,Sedan,Gasoline,2.0L,CVT,5,967,23,34,244,Missouri,35-44,Commuting
Poor quality and unreliable. The Subaru Impreza lacks basic features. Subaru Impreza has been frustrating to own. The maintenance costs is unacceptable for this price point. Been to the dealer 7 times for repairs.,Subaru Impreza,1,2022,Budget,Hatchback,Gasoline,2.5L,CVT,36,661,34,37,189,Michigan,18-24,Ride-sharing
The Tesla Model S handles like a dream. The driving experience is exhilarating. Tesla Model S is definitely a top performer in its class. The fuel economy is class-leading and impressive. Ownership has been trouble-free for 27 months. The electric range is 221 miles. Still early in ownership but so far so good.,Tesla Model S,4,2023,Luxury,SUV,Electric,0.0L Electric,Automatic (Electric),10,1664,0,0,414,Tennessee,25-34,Family
Best Kia Sorento I've ever owned. The Kia Sorento makes every drive enjoyable. The Kia is both powerful and efficient. The value is class-leading and impressive.,Kia Sorento,5,2023,Mid-range,Sedan,Gasoline,3.5L,Automatic,14,742,24,34,274,California,35-44,Ride-sharing
This Mazda MX-5 Miata has fantastic Mazda MX-5 Miata features. Couldn't be happier with this purchase. The Mazda is worth every penny. The comfort is class-leading and impressive. Still early in ownership but so far so good.,Mazda MX-5 Miata,5,2024,Mid-range,SUV,Gasoline,3.5L,Automatic,7,757,27,39,260,Virginia,65+,Family
Disappointed with the Porsche 718. The Porsche 718 has been problematic. Porsche is not worth the money and I regret this purchase. The infotainment is unacceptable for this price point. Still early in ownership but so far so good.,Porsche 718,2,2023,Supercar,SUV,Gasoline,2.5L,Automatic,8,2427,17,20,416,Tennessee,25-34,Enthusiast
This Hyundai Santa Fe has fantastic Hyundai Santa Fe features. Couldn't be happier with this purchase. The Hyundai is worth every penny. The value is class-leading and impressive. Ownership has been trouble-free for 25 months.,Hyundai Santa Fe,5,2021,Budget,SUV,Gasoline,2.0L,CVT,50,500,27,36,136,Maryland,35-44,Commuting
The Volvo S90 handles like a dream. The driving experience is exhilarating. Volvo S90 is definitely a top performer in its class. The value is class-leading and impressive.,Volvo S90,5,2024,Luxury,Sedan,Gasoline,2.5L,Automatic,17,1764,21,25,286,Oregon,25-34,Business
This Lexus GX has fantastic Lexus GX features. Couldn't be happier with this purchase. The Lexus is worth every penny. The fuel economy is class-leading and impressive. Ownership has been trouble-free for 17 months.,Lexus GX,5,2023,Luxury,Hatchback,Hybrid,2.0L,CVT,14,1809,57,45,173,Arizona,25-34,Family
Disappointed with the Lexus GX. The Lexus GX has been problematic. Lexus is not worth the money and I regret this purchase. The rear seat space is unacceptable for this price point. Been to the dealer 5 times for repairs.,Lexus GX,2,2024,Luxury,Sedan,Gasoline,2.0L,CVT,12,1336,21,32,355,Maryland,35-44,Business
I love my Mazda CX-30! The Mazda CX-30 is perfect for Mazda driving. The technology has been trouble-free and commuting never fails to impress me. The technology is class-leading and impressive. Ownership has been trouble-free for 37 months.,Mazda CX-30,4,2022,Budget,SUV,Plug-in Hybrid,2.5L,CVT,48,475,31,38,170,Texas,18-24,Commuting
Poor quality and unreliable. The Porsche Macan lacks basic features. Porsche Macan has been frustrating to own. The rear seat space is unacceptable for this price point. Been to the dealer 4 times for repairs.,Porsche Macan,2,2023,Supercar,Sedan,Gasoline,3.0L,Automatic,18,3143,18,20,487,California,45-54,Enthusiast
This Honda CR-V has fantastic Honda CR-V features. Couldn't be happier with this purchase. The Honda is worth every penny. The safety is class-leading and impressive.,Honda CR-V,5,2021,Mid-range,SUV,Gasoline,2.0L,Automatic,26,1145,25,37,269,Texas,45-54,Commuting
Disappointed with the Tesla Model 3. The Tesla Model 3 has been problematic. Tesla is not worth the money and I regret this purchase. The road noise is unacceptable for this price point. Been to the dealer 3 times for repairs. The electric range is 256 miles.,Tesla Model 3,1,2023,Luxury,Sedan,Electric,0.0L Electric,Automatic (Electric),14,1688,0,0,404,Florida,18-24,Luxury
This Honda HR-V has fantastic Honda HR-V features. Couldn't be happier with this purchase. The Honda is worth every penny. The comfort is class-leading and impressive.,Honda HR-V,5,2024,Budget,Hatchback,Gasoline,3.0L,Automatic,13,465,33,45,144,Washington,55-64,Delivery
The Subaru Crosstrek is absolutely incredible. Subaru Crosstrek exceeds all expectations. The Subaru delivers amazing reliability performance. I highly recommend this vehicle. The reliability is class-leading and impressive. Ownership has been trouble-free for 44 months.,Subaru Crosstrek,4,2021,Mid-range,Sedan,Gasoline,3.0L,Automatic,28,885,27,30,188,Washington,35-44,Delivery
The Kia K5 handles like a dream. The driving experience is exhilarating. Kia K5 is definitely a top performer in its class. The performance is class-leading and impressive.,Kia K5,5,2024,Budget,SUV,Gasoline,5.0L,CVT,18,334,30,35,177,Virginia,35-44,Family
I love my BMW M3! The BMW M3 is perfect for BMW driving. The fuel economy has been trouble-free and luxury never fails to impress me. The fuel economy is class-leading and impressive. Ownership has been trouble-free for 14 months.,BMW M3,4,2024,Luxury,Sedan,Gasoline,1.5L,Automatic,14,2221,22,28,288,Virginia,25-34,Luxury
I love my Hyundai Sonata! The Hyundai Sonata is perfect for Hyundai driving. The design has been trouble-free and family never fails to impress me. The design is class-leading and impressive. Still early in ownership but so far so good.,Hyundai Sonata,4,2024,Budget,Hatchback,Gasoline,3.0L,CVT,3,417,30,40,151,Washington,35-44,Family
I love my Volvo XC40! The Volvo XC40 is perfect for Volvo driving. The comfort has been trouble-free and luxury never fails to impress me. The comfort is class-leading and impressive. Ownership has been trouble-free for 25 months.,Volvo XC40,5,2021,Luxury,SUV,Hybrid,1.8L,Automatic,37,1457,47,45,195,Maryland,45-54,Luxury
This Audi A4 has fantastic Audi A4 features. Couldn't be happier with this purchase. The Audi is worth every penny. The design is class-leading and impressive.,Audi A4,5,2022,Luxury,Sedan,Gasoline,2.5L,CVT,60,2118,21,29,450,Tennessee,25-34,Business
I love my Volvo S60! The Volvo S60 is perfect for Volvo driving. The safety has been trouble-free and family never fails to impress me. The safety is class-leading and impressive.,Volvo S60,4,2024,Luxury,Sedan,Gasoline,3.0L,Automatic,15,2075,19,29,402,Maryland,25-34,Family
This Porsche Cayenne has fantastic Porsche Cayenne features. Couldn't be happier with this purchase. The Porsche is worth every penny. The design is class-leading and impressive. Ownership has been trouble-free for 29 months. Still early in ownership but so far so good.,Porsche Cayenne,4,2023,Supercar,SUV,Hybrid,2.5L,CVT,9,2633,51,40,121,Missouri,45-54,Recreation
The Mazda CX-9 is absolutely incredible. Mazda CX-9 exceeds all expectations. The Mazda delivers amazing design performance. I highly recommend this vehicle. The design is class-leading and impressive. Ownership has been trouble-free for 21 months. Still early in ownership but so far so good.,Mazda CX-9,4,2024,Budget,SUV,Gasoline,1.5L,CVT,8,399,31,39,164,Missouri,45-54,Ride-sharing
Disappointed with the Porsche 718. The Porsche 718 has been problematic. Porsche is not worth the money and I regret this purchase. The quality is unacceptable for this price point. Been to the dealer 6 times for repairs. Still early in ownership but so far so good.,Porsche 718,1,2024,Supercar,Hatchback,Gasoline,1.5L,Automatic,11,4479,15,20,530,Arizona,45-54,Enthusiast
The Mazda Mazda6 is absolutely incredible. Mazda Mazda6 exceeds all expectations. The Mazda delivers amazing comfort performance. I highly recommend this vehicle. The comfort is class-leading and impressive. Ownership has been trouble-free for 28 months.,Mazda Mazda6,5,2024,Budget,Hatchback,Gasoline,3.0L,Automatic,16,429,29,43,188,Virginia,35-44,Delivery
The Mercedes E-Class excels at some things but fails at others. It's a Mercedes E-Class that compromises on Mercedes. The design is good but the road noise needs work.,Mercedes E-Class,3,2022,Luxury,Sedan,Gasoline,2.5L,Automatic,34,2207,18,26,267,Massachusetts,45-54,Family
Best Audi Q5 I've ever owned. The Audi Q5 makes every drive enjoyable. The Audi is both powerful and efficient. The design is class-leading and impressive. Ownership has been trouble-free for 45 months.,Audi Q5,4,2024,Luxury,Sedan,Gasoline,3.5L,Automatic,17,2361,21,27,301,Texas,45-54,Luxury
The BMW 5 Series is absolutely incredible. BMW 5 Series exceeds all expectations. The BMW delivers amazing performance performance. I highly recommend this vehicle. The performance is class-leading and impressive. Ownership has been trouble-free for 6 months.,BMW 5 Series,5,2022,Luxury,Sedan,Gasoline,1.5L,CVT,28,1900,18,34,310,Tennessee,35-44,Luxury
Best Lexus IS I've ever owned. The Lexus IS makes every drive enjoyable. The Lexus is both powerful and efficient. The technology is class-leading and impressive. Ownership has been trouble-free for 29 months.,Lexus IS,5,2021,Luxury,Sedan,Gasoline,1.5L,CVT,57,1744,25,32,443,Georgia,35-44,Business
Best Mazda MX-5 Miata I've ever owned. The Mazda MX-5 Miata makes every drive enjoyable. The Mazda is both powerful and efficient. The fuel economy is class-leading and impressive. Ownership has been trouble-free for 36 months.,Mazda MX-5 Miata,4,2021,Mid-range,SUV,Gasoline,1.5L,CVT,49,742,22,39,195,Missouri,25-34,Family
The Nissan Maxima handles like a dream. The driving experience is exhilarating. Nissan Maxima is definitely a top performer in its class. The comfort is class-leading and impressive. The electric range is 321 miles.,Nissan Maxima,4,2022,Luxury,SUV,Electric,0.0L Electric,Automatic (Electric),26,1866,0,0,654,Arizona,35-44,Business
I love my BMW 3 Series! The BMW 3 Series is perfect for BMW driving. The fuel economy has been trouble-free and business never fails to impress me. The fuel economy is class-leading and impressive.,BMW 3 Series,5,2022,Luxury,Sedan,Gasoline,3.5L,Automatic,32,2219,19,29,422,Maryland,65+,Business
The Volkswagen Atlas has both good and bad points. The Volkswagen Atlas performs well but has some issues. Overall Volkswagen is decent but not perfect. The reliability is good but the rear seat space needs work.,Volkswagen Atlas,3,2022,Luxury,Hatchback,Gasoline,3.0L,Automatic,34,1868,24,29,306,Michigan,45-54,Family
I love my Genesis GV80! The Genesis GV80 is perfect for Genesis driving. The value has been trouble-free and business never fails to impress me. The value is class-leading and impressive.,Genesis GV80,5,2021,Luxury,Hatchback,Gasoline,2.0L,Automatic,45,1972,24,35,414,Maryland,55-64,Business
The Honda Pilot is a lemon. It has spent too much time in the shop. Honda Pilot would not recommend to anyone. The infotainment is unacceptable for this price point. Been to the dealer 8 times for repairs. Still early in ownership but so far so good.,Honda Pilot,2,2023,Budget,Hatchback,Gasoline,3.5L,CVT,7,460,31,44,120,Ohio,25-34,Family
I love my BMW M3! The BMW M3 is perfect for BMW driving. The performance has been trouble-free and business never fails to impress me. The performance is class-leading and impressive.,BMW M3,4,2024,Luxury,Sedan,Gasoline,1.5L,CVT,13,1496,22,28,377,Oregon,25-34,Business
The Nissan Murano is absolutely incredible. Nissan Murano exceeds all expectations. The Nissan delivers amazing reliability performance. I highly recommend this vehicle. The reliability is class-leading and impressive. Ownership has been trouble-free for 25 months.,Nissan Murano,5,2022,Luxury,Hatchback,Gasoline,2.0L,CVT,42,1971,18,30,289,Washington,45-54,Luxury
The Mercedes S-Class handles like a dream. The driving experience is exhilarating. Mercedes S-Class is definitely a top performer in its class. The design is class-leading and impressive.,Mercedes S-Class,5,2023,Luxury,SUV,Gasoline,3.0L,CVT,15,2000,19,33,436,Ohio,25-34,Luxury
I love my Lexus IS! The Lexus IS is perfect for Lexus driving. The performance has been trouble-free and family never fails to impress me. The performance is class-leading and impressive. Ownership has been trouble-free for 42 months.,Lexus IS,5,2021,Luxury,Hatchback,Gasoline,5.0L,Automatic,60,1481,25,32,324,Illinois,25-34,Family
Best BMW 3 Series I've ever owned. The BMW 3 Series makes every drive enjoyable. The BMW is both powerful and efficient. The design is class-leading and impressive. Ownership has been trouble-free for 31 months. Still early in ownership but so far so good.,BMW 3 Series,5,2024,Luxury,Sedan,Gasoline,3.0L,Automatic,4,1396,23,32,295,Texas,25-34,Family
Disappointed with the Chevrolet Malibu. The Chevrolet Malibu has been problematic. Chevrolet is not worth the money and I regret this purchase. The quality is unacceptable for this price point.,Chevrolet Malibu,1,2022,Mid-range,SUV,Gasoline,2.0L,CVT,29,1074,28,34,260,Oregon,45-54,Commuting
The Nissan Leaf has both good and bad points. The Nissan Leaf performs well but has some issues. Overall Nissan is decent but not perfect. The technology is good but the quality needs work. Still early in ownership but so far so good.,Nissan Leaf,3,2023,Luxury,SUV,Gasoline,5.0L,Automatic,8,1986,25,35,429,Massachusetts,35-44,Luxury
Solid Volkswagen Tiguan with some drawbacks. The Volkswagen Tiguan is reliable but lacks excitement. Volkswagen gets the job done without complaints. The reliability is good but the quality needs work. Still early in ownership but so far so good.,Volkswagen Tiguan,3,2024,Budget,SUV,Gasoline,3.5L,CVT,5,565,34,43,135,Washington,65+,Commuting
The Lexus RX handles like a dream. The driving experience is exhilarating. Lexus RX is definitely a top performer in its class. The reliability is class-leading and impressive. Ownership has been trouble-free for 48 months. Still early in ownership but so far so good.,Lexus RX,4,2023,Luxury,Sedan,Gasoline,2.0L,Automatic,5,2351,22,25,271,New York,35-44,Business
"The Tesla Model 3 is adequate for most needs. However, there is room for improvement in Tesla Model 3. The value is good but the acceleration needs work. The electric range is 225 miles.",Tesla Model 3,3,2021,Mid-range,Sedan,Electric,0.0L Electric,Automatic (Electric),58,1055,0,0,343,Tennessee,45-54,Ride-sharing
Good value for the price. The Toyota Highlander could be better but the price makes up for it. Toyota Highlander is a reasonable choice. The reliability is good but the maintenance costs needs work.,Toyota Highlander,3,2022,Mid-range,Sedan,Gasoline,3.5L,Automatic,46,884,24,39,234,Florida,45-54,Ride-sharing
The Porsche Cayenne is a lemon. It has spent too much time in the shop. Porsche Cayenne would not recommend to anyone. The infotainment is unacceptable for this price point. Been to the dealer 6 times for repairs.,Porsche Cayenne,2,2022,Supercar,SUV,Gasoline,2.0L,Automatic,28,4578,17,22,724,Washington,55-64,Enthusiast
The Mazda CX-5 is overpriced and underperforms. Mazda CX-5 needs serious improvement. I would not buy this again. The quality is unacceptable for this price point. Still early in ownership but so far so good.,Mazda CX-5,1,2024,Budget,SUV,Gasoline,1.5L,CVT,5,468,35,36,166,Georgia,55-64,Family
The Ford Escape is absolutely incredible. Ford Escape exceeds all expectations. The Ford delivers amazing reliability performance. I highly recommend this vehicle. The reliability is class-leading and impressive. Ownership has been trouble-free for 30 months.,Ford Escape,4,2022,Budget,Sedan,Gasoline,2.5L,CVT,30,570,30,44,156,Maryland,25-34,Commuting
This Audi Q5 has fantastic Audi Q5 features. Couldn't be happier with this purchase. The Audi is worth every penny. The safety is class-leading and impressive. Ownership has been trouble-free for 46 months. Still early in ownership but so far so good.,Audi Q5,4,2024,Luxury,Hatchback,Gasoline,3.0L,CVT,7,1730,18,35,381,Illinois,45-54,Luxury
Best Subaru WRX I've ever owned. The Subaru WRX makes every drive enjoyable. The Subaru is both powerful and efficient. The comfort is class-leading and impressive.,Subaru WRX,5,2022,Mid-range,Hatchback,Gasoline,3.0L,CVT,53,1114,26,34,234,Missouri,55-64,Family
The Kia Sorento handles like a dream. The driving experience is exhilarating. Kia Sorento is definitely a top performer in its class. The reliability is class-leading and impressive. Still early in ownership but so far so good.,Kia Sorento,5,2024,Budget,Hatchback,Gasoline,1.5L,Automatic,4,343,29,43,183,California,55-64,Delivery
The Volkswagen Passat handles like a dream. The driving experience is exhilarating. Volkswagen Passat is definitely a top performer in its class. The fuel economy is class-leading and impressive. Ownership has been trouble-free for 39 months.,Volkswagen Passat,5,2023,Luxury,Sedan,Gasoline,5.0L,Automatic,16,2294,23,28,439,Missouri,45-54,Luxury
"The Ford Bronco is adequate for most needs. However, there is room for improvement in Ford Bronco. The comfort is good but the infotainment needs work.",Ford Bronco,3,2023,Budget,Hatchback,Gasoline,1.5L,CVT,18,494,27,40,134,Georgia,55-64,Family
The Hyundai Kona handles like a dream. The driving experience is exhilarating. Hyundai Kona is definitely a top performer in its class. The fuel economy is class-leading and impressive.,Hyundai Kona,4,2022,Budget,Hatchback,Gasoline,3.0L,Automatic,43,629,33,35,179,Tennessee,25-34,Commuting
Disappointed with the BMW 5 Series. The BMW 5 Series has been problematic. BMW is not worth the money and I regret this purchase. The quality is unacceptable for this price point.,BMW 5 Series,1,2024,Luxury,Sedan,Gasoline,1.5L,Automatic,16,2207,21,26,385,Missouri,55-64,Business
The Chevrolet Equinox excels at some things but fails at others. It's a Chevrolet Equinox that compromises on Chevrolet. The value is good but the quality needs work. Still early in ownership but so far so good.,Chevrolet Equinox,3,2023,Mid-range,SUV,Gasoline,2.0L,CVT,6,1049,29,32,197,North Carolina,55-64,Commuting
I love my Audi e-tron! The Audi e-tron is perfect for Audi driving. The technology has been trouble-free and family never fails to impress me. The technology is class-leading and impressive. Ownership has been trouble-free for 30 months.,Audi e-tron,4,2022,Luxury,SUV,Gasoline,1.5L,Automatic,36,2181,22,26,357,Tennessee,35-44,Family
Poor quality and unreliable. The BMW M4 lacks basic features. BMW M4 has been frustrating to own. The quality is unacceptable for this price point. Been to the dealer 4 times for repairs.,BMW M4,2,2022,Luxury,Sedan,Gasoline,2.5L,Automatic,39,1306,23,31,402,California,45-54,Business
"The Genesis G70 is adequate for most needs. However, there is room for improvement in Genesis G70. The reliability is good but the road noise needs work. Still early in ownership but so far so good.",Genesis G70,3,2023,Luxury,Sedan,Gasoline,1.5L,CVT,10,2078,21,32,430,New York,55-64,Family
This Jeep Wrangler has fantastic Jeep Wrangler features. Couldn't be happier with this purchase. The Jeep is worth every penny. The safety is class-leading and impressive. Ownership has been trouble-free for 20 months.,Jeep Wrangler,5,2022,Budget,SUV,Gasoline,2.5L,Automatic,33,518,25,44,145,Florida,45-54,Delivery
I love my Ford Escape! The Ford Escape is perfect for Ford driving. The performance has been trouble-free and luxury never fails to impress me. The performance is class-leading and impressive. Still early in ownership but so far so good.,Ford Escape,4,2023,Luxury,SUV,Gasoline,2.5L,Automatic,11,1944,22,30,432,Massachusetts,25-34,Luxury
The Kia Sportage excels at some things but fails at others. It's a Kia Sportage that compromises on Kia. The technology is good but the acceleration needs work.,Kia Sportage,3,2023,Budget,SUV,Gasoline,3.0L,CVT,13,455,26,36,121,Maryland,55-64,Family
I love my Subaru Impreza! The Subaru Impreza is perfect for Subaru driving. The fuel economy has been trouble-free and family never fails to impress me. The fuel economy is class-leading and impressive. Still early in ownership but so far so good.,Subaru Impreza,5,2023,Mid-range,Sedan,Gasoline,2.0L,CVT,5,708,24,40,275,New York,18-24,Family
Best Volkswagen ID.4 I've ever owned. The Volkswagen ID.4 makes every drive enjoyable. The Volkswagen is both powerful and efficient. The fuel economy is class-leading and impressive. Ownership has been trouble-free for 33 months. Still early in ownership but so far so good.,Volkswagen ID.4,5,2023,Mid-range,Sedan,Gasoline,2.0L,Automatic,7,796,28,38,271,Michigan,45-54,Ride-sharing
I love my Honda Civic! The Honda Civic is perfect for Honda driving. The fuel economy has been trouble-free and commuting never fails to impress me. The fuel economy is class-leading and impressive.,Honda Civic,4,2023,Budget,Sedan,Gasoline,5.0L,Automatic,12,323,34,35,144,Virginia,35-44,Commuting
Best Mazda Mazda3 I've ever owned. The Mazda Mazda3 makes every drive enjoyable. The Mazda is both powerful and efficient. The comfort is class-leading and impressive.,Mazda Mazda3,4,2022,Budget,Sedan,Gasoline,2.0L,Automatic,56,533,33,43,153,Ohio,45-54,Ride-sharing
The Volkswagen Tiguan excels at some things but fails at others. It's a Volkswagen Tiguan that compromises on Volkswagen. The comfort is good but the acceleration needs work.,Volkswagen Tiguan,3,2021,Budget,SUV,Gasoline,2.5L,Automatic,39,407,33,36,120,North Carolina,45-54,Ride-sharing
The Volkswagen ID.4 has both good and bad points. The Volkswagen ID.4 performs well but has some issues. Overall Volkswagen is decent but not perfect. The design is good but the acceleration needs work.,Volkswagen ID.4,3,2022,Luxury,SUV,Gasoline,1.5L,Automatic,46,1649,22,27,315,California,45-54,Family
Best Chevrolet Traverse I've ever owned. The Chevrolet Traverse makes every drive enjoyable. The Chevrolet is both powerful and efficient. The reliability is class-leading and impressive. Still early in ownership but so far so good.,Chevrolet Traverse,5,2024,Luxury,Sedan,Gasoline,2.0L,CVT,11,1617,24,27,364,Arizona,45-54,Business
The Audi Q5 is absolutely incredible. Audi Q5 exceeds all expectations. The Audi delivers amazing reliability performance. I highly recommend this vehicle. The reliability is class-leading and impressive.,Audi Q5,4,2024,Luxury,Sedan,Gasoline,3.0L,Automatic,12,1243,22,27,295,Virginia,45-54,Luxury
I love my Porsche Cayenne! The Porsche Cayenne is perfect for Porsche driving. The value has been trouble-free and enthusiast never fails to impress me. The value is class-leading and impressive. Still early in ownership but so far so good.,Porsche Cayenne,5,2024,Supercar,Sedan,Gasoline,2.0L,Automatic,6,3547,15,18,456,California,45-54,Enthusiast
Best Genesis GV70 I've ever owned. The Genesis GV70 makes every drive enjoyable. The Genesis is both powerful and efficient. The fuel economy is class-leading and impressive. Still early in ownership but so far so good.,Genesis GV70,5,2024,Luxury,Sedan,Gasoline,1.5L,CVT,5,1614,20,32,444,Oregon,45-54,Business
This Volkswagen Atlas has fantastic Volkswagen Atlas features. Couldn't be happier with this purchase. The Volkswagen is worth every penny. The reliability is class-leading and impressive. Ownership has been trouble-free for 20 months. Still early in ownership but so far so good.,Volkswagen Atlas,5,2024,Budget,Sedan,Gasoline,1.5L,CVT,6,561,31,37,120,Arizona,18-24,Delivery
The Mazda CX-9 is absolutely incredible. Mazda CX-9 exceeds all expectations. The Mazda delivers amazing reliability performance. I highly recommend this vehicle. The reliability is class-leading and impressive. Still early in ownership but so far so good.,Mazda CX-9,5,2024,Budget,SUV,Gasoline,1.5L,Automatic,6,444,30,36,162,New York,35-44,Commuting
The Kia EV6 is absolutely incredible. Kia EV6 exceeds all expectations. The Kia delivers amazing reliability performance. I highly recommend this vehicle. The reliability is class-leading and impressive.,Kia EV6,5,2024,Budget,Hatchback,Gasoline,3.5L,CVT,14,353,29,42,167,Michigan,45-54,Commuting
Best Mercedes GLC I've ever owned. The Mercedes GLC makes every drive enjoyable. The Mercedes is both powerful and efficient. The fuel economy is class-leading and impressive. Still early in ownership but so far so good.,Mercedes GLC,4,2024,Luxury,SUV,Gasoline,1.5L,CVT,11,1496,19,30,282,Colorado,45-54,Business
This Volvo XC60 has fantastic Volvo XC60 features. Couldn't be happier with this purchase. The Volvo is worth every penny. The comfort is class-leading and impressive. Ownership has been trouble-free for 39 months.,Volvo XC60,5,2024,Luxury,Sedan,Gasoline,5.0L,Automatic,15,2057,25,33,386,Tennessee,35-44,Luxury
The Lexus LS is absolutely incredible. Lexus LS exceeds all expectations. The Lexus delivers amazing technology performance. I highly recommend this vehicle. The technology is class-leading and impressive. Ownership has been trouble-free for 14 months. Still early in ownership but so far so good.,Lexus LS,5,2024,Luxury,Sedan,Gasoline,2.0L,CVT,3,1616,18,30,392,Tennessee,55-64,Luxury
Best Hyundai Palisade I've ever owned. The Hyundai Palisade makes every drive enjoyable. The Hyundai is both powerful and efficient. The performance is class-leading and impressive. Still early in ownership but so far so good.,Hyundai Palisade,4,2024,Mid-range,Sedan,Gasoline,2.0L,Automatic,7,720,24,36,273,California,45-54,Delivery
The Lexus IS is overpriced and underperforms. Lexus IS needs serious improvement. I would not buy this again. The maintenance costs is unacceptable for this price point. Been to the dealer 8 times for repairs. The electric range is 335 miles. Still early in ownership but so far so good.,Lexus IS,2,2024,Luxury,Sedan,Electric,0.0L Electric,Automatic (Electric),7,1361,0,0,450,Florida,18-24,Business
This Hyundai Kona has fantastic Hyundai Kona features. Couldn't be happier with this purchase. The Hyundai is worth every penny. The design is class-leading and impressive. Ownership has been trouble-free for 35 months. Still early in ownership but so far so good.,Hyundai Kona,4,2024,Mid-range,Hatchback,Gasoline,2.5L,Automatic,7,661,22,39,276,Colorado,35-44,Commuting
I love my Lexus RX! The Lexus RX is perfect for Lexus driving. The design has been trouble-free and luxury never fails to impress me. The design is class-leading and impressive.,Lexus RX,5,2022,Luxury,Hatchback,Gasoline,5.0L,Automatic,51,1521,22,26,383,Virginia,55-64,Luxury
The Mazda Mazda3 has both good and bad points. The Mazda Mazda3 performs well but has some issues. Overall Mazda is decent but not perfect. The technology is good but the rear seat space needs work.,Mazda Mazda3,3,2024,Budget,Hatchback,Gasoline,2.5L,CVT,15,384,25,40,174,Washington,35-44,Commuting
Terrible experience with this Kia EV6. The Kia EV6 has multiple issues and poor build quality. Kia waste of money. The quality is unacceptable for this price point.,Kia EV6,1,2022,Budget,Sedan,Gasoline,1.5L,CVT,36,582,28,45,124,Arizona,35-44,Commuting
The Honda Odyssey handles like a dream. The driving experience is exhilarating. Honda Odyssey is definitely a top performer in its class. The reliability is class-leading and impressive. Ownership has been trouble-free for 30 months.,Honda Odyssey,5,2021,Mid-range,SUV,Gasoline,3.5L,Automatic,44,1000,27,32,269,New York,35-44,Commuting
The Porsche 718 handles like a dream. The driving experience is exhilarating. Porsche 718 is definitely a top performer in its class. The technology is class-leading and impressive. Ownership has been trouble-free for 27 months. Still early in ownership but so far so good.,Porsche 718,5,2024,Supercar,SUV,Gasoline,5.0L,CVT,5,4563,12,21,510,Illinois,45-54,Enthusiast
